crop_id,dataset_path,polygon_rank_x,joint_position,board,package,cell,viewpoint,class,group_id,split,split_hash
SolDef_AI/Dataset/CS1/R0805/V2.1/WIN_20220330_13_33_34_Pro.jpg#1,SolDef_AI/Dataset/CS1/R0805/V2.1/WIN_20220330_13_33_34_Pro.jpg,1,left,CS1,R0805,CS1/R0805,V2.1,spike,manual_001,train,7925ce616931ad52c69a46e94b69e113fc9713d4bb15c5f9163ba0354e4c8b0c
SolDef_AI/Dataset/CS1/R0805/V2.1/WIN_20220330_13_33_34_Pro.jpg#2,SolDef_AI/Dataset/CS1/R0805/V2.1/WIN_20220330_13_33_34_Pro.jpg,2,right,CS1,R0805,CS1/R0805,V2.1,excess,manual_001,train,7925ce616931ad52c69a46e94b69e113fc9713d4bb15c5f9163ba0354e4c8b0c
SolDef_AI/Dataset/CS1/R0805/V2.1/WIN_20220330_13_34_05_Pro.jpg#1,SolDef_AI/Dataset/CS1/R0805/V2.1/WIN_20220330_13_34_05_Pro.jpg,1,left,CS1,R0805,CS1/R0805,V2.1,insufficient,manual_002,test,7925ce616931ad52c69a46e94b69e113fc9713d4bb15c5f9163ba0354e4c8b0c
SolDef_AI/Dataset/CS1/R0805/V2.1/WIN_20220330_13_34_05_Pro.jpg#2,SolDef_AI/Dataset/CS1/R0805/V2.1/WIN_20220330_13_34_05_Pro.jpg,2,right,CS1,R0805,CS1/R0805,V2.1,excess,manual_002,test,7925ce616931ad52c69a46e94b69e113fc9713d4bb15c5f9163ba0354e4c8b0c
SolDef_AI/Dataset/CS1/R0805/V2.1/WIN_20220330_13_36_37_Pro.jpg#1,SolDef_AI/Dataset/CS1/R0805/V2.1/WIN_20220330_13_36_37_Pro.jpg,1,left,CS1,R0805,CS1/R0805,V2.1,insufficient,manual_003,train,7925ce616931ad52c69a46e94b69e113fc9713d4bb15c5f9163ba0354e4c8b0c
SolDef_AI/Dataset/CS1/R0805/V2.1/WIN_20220330_13_36_37_Pro.jpg#2,SolDef_AI/Dataset/CS1/R0805/V2.1/WIN_20220330_13_36_37_Pro.jpg,2,right,CS1,R0805,CS1/R0805,V2.1,normal,manual_003,train,7925ce616931ad52c69a46e94b69e113fc9713d4bb15c5f9163ba0354e4c8b0c
SolDef_AI/Dataset/CS1/R0805/V2.1/WIN_20220330_13_37_02_Pro.jpg#1,SolDef_AI/Dataset/CS1/R0805/V2.1/WIN_20220330_13_37_02_Pro.jpg,1,left,CS1,R0805,CS1/R0805,V2.1,normal,manual_004,val,7925ce616931ad52c69a46e94b69e113fc9713d4bb15c5f9163ba0354e4c8b0c
SolDef_AI/Dataset/CS1/R0805/V2.1/WIN_20220330_13_37_02_Pro.jpg#2,SolDef_AI/Dataset/CS1/R0805/V2.1/WIN_20220330_13_37_02_Pro.jpg,2,right,CS1,R0805,CS1/R0805,V2.1,insufficient,manual_004,val,7925ce616931ad52c69a46e94b69e113fc9713d4bb15c5f9163ba0354e4c8b0c
SolDef_AI/Dataset/CS1/R0805/V2.1/WIN_20220330_13_37_25_Pro.jpg#1,SolDef_AI/Dataset/CS1/R0805/V2.1/WIN_20220330_13_37_25_Pro.jpg,1,left,CS1,R0805,CS1/R0805,V2.1,excess,manual_005,train,7925ce616931ad52c69a46e94b69e113fc9713d4bb15c5f9163ba0354e4c8b0c
SolDef_AI/Dataset/CS1/R0805/V2.1/WIN_20220330_13_37_25_Pro.jpg#2,SolDef_AI/Dataset/CS1/R0805/V2.1/WIN_20220330_13_37_25_Pro.jpg,2,right,CS1,R0805,CS1/R0805,V2.1,excess,manual_005,train,7925ce616931ad52c69a46e94b69e113fc9713d4bb15c5f9163ba0354e4c8b0c
SolDef_AI/Dataset/CS1/R0805/V2.1/WIN_20220330_13_37_48_Pro.jpg#1,SolDef_AI/Dataset/CS1/R0805/V2.1/WIN_20220330_13_37_48_Pro.jpg,1,left,CS1,R0805,CS1/R0805,V2.1,normal,manual_006,train,7925ce616931ad52c69a46e94b69e113fc9713d4bb15c5f9163ba0354e4c8b0c
SolDef_AI/Dataset/CS1/R0805/V2.1/WIN_20220330_13_37_48_Pro.jpg#2,SolDef_AI/Dataset/CS1/R0805/V2.1/WIN_20220330_13_37_48_Pro.jpg,2,right,CS1,R0805,CS1/R0805,V2.1,insufficient,manual_006,train,7925ce616931ad52c69a46e94b69e113fc9713d4bb15c5f9163ba0354e4c8b0c
SolDef_AI/Dataset/CS1/R0805/V2.1/WIN_20220330_13_38_01_Pro.jpg#1,SolDef_AI/Dataset/CS1/R0805/V2.1/WIN_20220330_13_38_01_Pro.jpg,1,left,CS1,R0805,CS1/R0805,V2.1,spike,manual_007,train,7925ce616931ad52c69a46e94b69e113fc9713d4bb15c5f9163ba0354e4c8b0c
SolDef_AI/Dataset/CS1/R0805/V2.1/WIN_20220330_13_38_01_Pro.jpg#2,SolDef_AI/Dataset/CS1/R0805/V2.1/WIN_20220330_13_38_01_Pro.jpg,2,right,CS1,R0805,CS1/R0805,V2.1,normal,manual_007,train,7925ce616931ad52c69a46e94b69e113fc9713d4bb15c5f9163ba0354e4c8b0c
SolDef_AI/Dataset/CS1/R0805/V2.1/WIN_20220330_13_38_14_Pro.jpg#1,SolDef_AI/Dataset/CS1/R0805/V2.1/WIN_20220330_13_38_14_Pro.jpg,1,left,CS1,R0805,CS1/R0805,V2.1,spike,manual_008,test,7925ce616931ad52c69a46e94b69e113fc9713d4bb15c5f9163ba0354e4c8b0c
SolDef_AI/Dataset/CS1/R0805/V2.1/WIN_20220330_13_38_14_Pro.jpg#2,SolDef_AI/Dataset/CS1/R0805/V2.1/WIN_20220330_13_38_14_Pro.jpg,2,right,CS1,R0805,CS1/R0805,V2.1,excess,manual_008,test,7925ce616931ad52c69a46e94b69e113fc9713d4bb15c5f9163ba0354e4c8b0c
SolDef_AI/Dataset/CS1/R0805/V2.1/WIN_20220330_13_38_24_Pro.jpg#1,SolDef_AI/Dataset/CS1/R0805/V2.1/WIN_20220330_13_38_24_Pro.jpg,1,left,CS1,R0805,CS1/R0805,V2.1,spike,manual_009,val,7925ce616931ad52c69a46e94b69e113fc9713d4bb15c5f9163ba0354e4c8b0c
SolDef_AI/Dataset/CS1/R0805/V2.1/WIN_20220330_13_38_24_Pro.jpg#2,SolDef_AI/Dataset/CS1/R0805/V2.1/WIN_20220330_13_38_24_Pro.jpg,2,right,CS1,R0805,CS1/R0805,V2.1,insufficient,manual_009,val,7925ce616931ad52c69a46e94b69e113fc9713d4bb15c5f9163ba0354e4c8b0c
SolDef_AI/Dataset/CS1/R0805/V2.1/WIN_20220330_13_38_35_Pro.jpg#1,SolDef_AI/Dataset/CS1/R0805/V2.1/WIN_20220330_13_38_35_Pro.jpg,1,left,CS1,R0805,CS1/R0805,V2.1,excess,manual_010,train,7925ce616931ad52c69a46e94b69e113fc9713d4bb15c5f9163ba0354e4c8b0c
SolDef_AI/Dataset/CS1/R0805/V2.1/WIN_20220330_13_38_35_Pro.jpg#2,SolDef_AI/Dataset/CS1/R0805/V2.1/WIN_20220330_13_38_35_Pro.jpg,2,right,CS1,R0805,CS1/R0805,V2.1,normal,manual_010,train,7925ce616931ad52c69a46e94b69e113fc9713d4bb15c5f9163ba0354e4c8b0c
SolDef_AI/Dataset/CS1/R0805/V2.1/WIN_20220330_13_39_16_Pro.jpg#1,SolDef_AI/Dataset/CS1/R0805/V2.1/WIN_20220330_13_39_16_Pro.jpg,1,left,CS1,R0805,CS1/R0805,V2.1,spike,manual_011,test,7925ce616931ad52c69a46e94b69e113fc9713d4bb15c5f9163ba0354e4c8b0c
SolDef_AI/Dataset/CS1/R0805/V2.1/WIN_20220330_13_39_16_Pro.jpg#2,SolDef_AI/Dataset/CS1/R0805/V2.1/WIN_20220330_13_39_16_Pro.jpg,2,right,CS1,R0805,CS1/R0805,V2.1,insufficient,manual_011,test,7925ce616931ad52c69a46e94b69e113fc9713d4bb15c5f9163ba0354e4c8b0c
SolDef_AI/Dataset/CS1/R0805/V2.1/WIN_20220330_13_39_31_Pro.jpg#1,SolDef_AI/Dataset/CS1/R0805/V2.1/WIN_20220330_13_39_31_Pro.jpg,1,left,CS1,R0805,CS1/R0805,V2.1,spike,manual_012,train,7925ce616931ad52c69a46e94b69e113fc9713d4bb15c5f9163ba0354e4c8b0c
SolDef_AI/Dataset/CS1/R0805/V2.1/WIN_20220330_13_39_31_Pro.jpg#2,SolDef_AI/Dataset/CS1/R0805/V2.1/WIN_20220330_13_39_31_Pro.jpg,2,right,CS1,R0805,CS1/R0805,V2.1,excess,manual_012,train,7925ce616931ad52c69a46e94b69e113fc9713d4bb15c5f9163ba0354e4c8b0c
SolDef_AI/Dataset/CS1/R0805/V2.1/WIN_20220330_13_40_20_Pro.jpg#1,SolDef_AI/Dataset/CS1/R0805/V2.1/WIN_20220330_13_40_20_Pro.jpg,1,left,CS1,R0805,CS1/R0805,V2.1,spike,manual_013,train,7925ce616931ad52c69a46e94b69e113fc9713d4bb15c5f9163ba0354e4c8b0c
SolDef_AI/Dataset/CS1/R0805/V2.1/WIN_20220330_13_40_20_Pro.jpg#2,SolDef_AI/Dataset/CS1/R0805/V2.1/WIN_20220330_13_40_20_Pro.jpg,2,right,CS1,R0805,CS1/R0805,V2.1,excess,manual_013,train,7925ce616931ad52c69a46e94b69e113fc9713d4bb15c5f9163ba0354e4c8b0c
SolDef_AI/Dataset/CS1/R0805/V2.1/WIN_20220330_13_40_35_Pro.jpg#1,SolDef_AI/Dataset/CS1/R0805/V2.1/WIN_20220330_13_40_35_Pro.jpg,1,left,CS1,R0805,CS1/R0805,V2.1,insufficient,manual_014,train,7925ce616931ad52c69a46e94b69e113fc9713d4bb15c5f9163ba0354e4c8b0c
SolDef_AI/Dataset/CS1/R0805/V2.1/WIN_20220330_13_40_35_Pro.jpg#2,SolDef_AI/Dataset/CS1/R0805/V2.1/WIN_20220330_13_40_35_Pro.jpg,2,right,CS1,R0805,CS1/R0805,V2.1,insufficient,manual_014,train,7925ce616931ad52c69a46e94b69e113fc9713d4bb15c5f9163ba0354e4c8b0c
SolDef_AI/Dataset/CS1/R0805/V2.1/WIN_20220330_13_40_52_Pro.jpg#1,SolDef_AI/Dataset/CS1/R0805/V2.1/WIN_20220330_13_40_52_Pro.jpg,1,left,CS1,R0805,CS1/R0805,V2.1,insufficient,manual_015,train,7925ce616931ad52c69a46e94b69e113fc9713d4bb15c5f9163ba0354e4c8b0c
SolDef_AI/Dataset/CS1/R0805/V2.1/WIN_20220330_13_40_52_Pro.jpg#2,SolDef_AI/Dataset/CS1/R0805/V2.1/WIN_20220330_13_40_52_Pro.jpg,2,right,CS1,R0805,CS1/R0805,V2.1,normal,manual_015,train,7925ce616931ad52c69a46e94b69e113fc9713d4bb15c5f9163ba0354e4c8b0c
SolDef_AI/Dataset/CS1/R0805/V2.1/WIN_20220330_13_41_05_Pro.jpg#1,SolDef_AI/Dataset/CS1/R0805/V2.1/WIN_20220330_13_41_05_Pro.jpg,1,left,CS1,R0805,CS1/R0805,V2.1,insufficient,manual_016,train,7925ce616931ad52c69a46e94b69e113fc9713d4bb15c5f9163ba0354e4c8b0c
SolDef_AI/Dataset/CS1/R0805/V2.1/WIN_20220330_13_41_05_Pro.jpg#2,SolDef_AI/Dataset/CS1/R0805/V2.1/WIN_20220330_13_41_05_Pro.jpg,2,right,CS1,R0805,CS1/R0805,V2.1,excess,manual_016,train,7925ce616931ad52c69a46e94b69e113fc9713d4bb15c5f9163ba0354e4c8b0c
SolDef_AI/Dataset/CS1/R0805/V2.1/WIN_20220330_13_41_16_Pro.jpg#1,SolDef_AI/Dataset/CS1/R0805/V2.1/WIN_20220330_13_41_16_Pro.jpg,1,left,CS1,R0805,CS1/R0805,V2.1,excess,manual_017,train,7925ce616931ad52c69a46e94b69e113fc9713d4bb15c5f9163ba0354e4c8b0c
SolDef_AI/Dataset/CS1/R0805/V2.1/WIN_20220330_13_41_16_Pro.jpg#2,SolDef_AI/Dataset/CS1/R0805/V2.1/WIN_20220330_13_41_16_Pro.jpg,2,right,CS1,R0805,CS1/R0805,V2.1,excess,manual_017,train,7925ce616931ad52c69a46e94b69e113fc9713d4bb15c5f9163ba0354e4c8b0c
SolDef_AI/Dataset/CS1/R0805/V2.1/WIN_20220330_13_41_28_Pro.jpg#1,SolDef_AI/Dataset/CS1/R0805/V2.1/WIN_20220330_13_41_28_Pro.jpg,1,left,CS1,R0805,CS1/R0805,V2.1,excess,manual_018,val,7925ce616931ad52c69a46e94b69e113fc9713d4bb15c5f9163ba0354e4c8b0c
SolDef_AI/Dataset/CS1/R0805/V2.1/WIN_20220330_13_41_28_Pro.jpg#2,SolDef_AI/Dataset/CS1/R0805/V2.1/WIN_20220330_13_41_28_Pro.jpg,2,right,CS1,R0805,CS1/R0805,V2.1,normal,manual_018,val,7925ce616931ad52c69a46e94b69e113fc9713d4bb15c5f9163ba0354e4c8b0c
SolDef_AI/Dataset/CS1/R0805/V2.1/WIN_20220330_13_41_43_Pro.jpg#1,SolDef_AI/Dataset/CS1/R0805/V2.1/WIN_20220330_13_41_43_Pro.jpg,1,left,CS1,R0805,CS1/R0805,V2.1,insufficient,manual_019,val,7925ce616931ad52c69a46e94b69e113fc9713d4bb15c5f9163ba0354e4c8b0c
SolDef_AI/Dataset/CS1/R0805/V2.1/WIN_20220330_13_41_43_Pro.jpg#2,SolDef_AI/Dataset/CS1/R0805/V2.1/WIN_20220330_13_41_43_Pro.jpg,2,right,CS1,R0805,CS1/R0805,V2.1,excess,manual_019,val,7925ce616931ad52c69a46e94b69e113fc9713d4bb15c5f9163ba0354e4c8b0c
SolDef_AI/Dataset/CS1/R0805/V2.1/WIN_20220330_13_42_25_Pro.jpg#1,SolDef_AI/Dataset/CS1/R0805/V2.1/WIN_20220330_13_42_25_Pro.jpg,1,left,CS1,R0805,CS1/R0805,V2.1,insufficient,manual_020,val,7925ce616931ad52c69a46e94b69e113fc9713d4bb15c5f9163ba0354e4c8b0c
SolDef_AI/Dataset/CS1/R0805/V2.1/WIN_20220330_13_42_25_Pro.jpg#2,SolDef_AI/Dataset/CS1/R0805/V2.1/WIN_20220330_13_42_25_Pro.jpg,2,right,CS1,R0805,CS1/R0805,V2.1,insufficient,manual_020,val,7925ce616931ad52c69a46e94b69e113fc9713d4bb15c5f9163ba0354e4c8b0c
SolDef_AI/Dataset/CS1/R0805/V2/WIN_20220330_13_11_16_Pro.jpg#1,SolDef_AI/Dataset/CS1/R0805/V2/WIN_20220330_13_11_16_Pro.jpg,1,left,CS1,R0805,CS1/R0805,V2,excess,manual_001,train,7925ce616931ad52c69a46e94b69e113fc9713d4bb15c5f9163ba0354e4c8b0c
SolDef_AI/Dataset/CS1/R0805/V2/WIN_20220330_13_11_16_Pro.jpg#2,SolDef_AI/Dataset/CS1/R0805/V2/WIN_20220330_13_11_16_Pro.jpg,2,right,CS1,R0805,CS1/R0805,V2,spike,manual_001,train,7925ce616931ad52c69a46e94b69e113fc9713d4bb15c5f9163ba0354e4c8b0c
SolDef_AI/Dataset/CS1/R0805/V2/WIN_20220330_13_11_29_Pro.jpg#1,SolDef_AI/Dataset/CS1/R0805/V2/WIN_20220330_13_11_29_Pro.jpg,1,left,CS1,R0805,CS1/R0805,V2,normal,manual_002,test,7925ce616931ad52c69a46e94b69e113fc9713d4bb15c5f9163ba0354e4c8b0c
SolDef_AI/Dataset/CS1/R0805/V2/WIN_20220330_13_11_29_Pro.jpg#2,SolDef_AI/Dataset/CS1/R0805/V2/WIN_20220330_13_11_29_Pro.jpg,2,right,CS1,R0805,CS1/R0805,V2,insufficient,manual_002,test,7925ce616931ad52c69a46e94b69e113fc9713d4bb15c5f9163ba0354e4c8b0c
SolDef_AI/Dataset/CS1/R0805/V2/WIN_20220330_13_11_58_Pro.jpg#1,SolDef_AI/Dataset/CS1/R0805/V2/WIN_20220330_13_11_58_Pro.jpg,1,left,CS1,R0805,CS1/R0805,V2,insufficient,manual_003,train,7925ce616931ad52c69a46e94b69e113fc9713d4bb15c5f9163ba0354e4c8b0c
SolDef_AI/Dataset/CS1/R0805/V2/WIN_20220330_13_11_58_Pro.jpg#2,SolDef_AI/Dataset/CS1/R0805/V2/WIN_20220330_13_11_58_Pro.jpg,2,right,CS1,R0805,CS1/R0805,V2,spike,manual_003,train,7925ce616931ad52c69a46e94b69e113fc9713d4bb15c5f9163ba0354e4c8b0c
SolDef_AI/Dataset/CS1/R0805/V2/WIN_20220330_13_12_12_Pro.jpg#1,SolDef_AI/Dataset/CS1/R0805/V2/WIN_20220330_13_12_12_Pro.jpg,1,left,CS1,R0805,CS1/R0805,V2,insufficient,manual_004,val,7925ce616931ad52c69a46e94b69e113fc9713d4bb15c5f9163ba0354e4c8b0c
SolDef_AI/Dataset/CS1/R0805/V2/WIN_20220330_13_12_12_Pro.jpg#2,SolDef_AI/Dataset/CS1/R0805/V2/WIN_20220330_13_12_12_Pro.jpg,2,right,CS1,R0805,CS1/R0805,V2,normal,manual_004,val,7925ce616931ad52c69a46e94b69e113fc9713d4bb15c5f9163ba0354e4c8b0c
SolDef_AI/Dataset/CS1/R0805/V2/WIN_20220330_13_13_31_Pro.jpg#1,SolDef_AI/Dataset/CS1/R0805/V2/WIN_20220330_13_13_31_Pro.jpg,1,left,CS1,R0805,CS1/R0805,V2,normal,manual_005,train,7925ce616931ad52c69a46e94b69e113fc9713d4bb15c5f9163ba0354e4c8b0c
SolDef_AI/Dataset/CS1/R0805/V2/WIN_20220330_13_13_31_Pro.jpg#2,SolDef_AI/Dataset/CS1/R0805/V2/WIN_20220330_13_13_31_Pro.jpg,2,right,CS1,R0805,CS1/R0805,V2,excess,manual_005,train,7925ce616931ad52c69a46e94b69e113fc9713d4bb15c5f9163ba0354e4c8b0c
SolDef_AI/Dataset/CS1/R0805/V2/WIN_20220330_13_17_14_Pro.jpg#1,SolDef_AI/Dataset/CS1/R0805/V2/WIN_20220330_13_17_14_Pro.jpg,1,left,CS1,R0805,CS1/R0805,V2,insufficient,manual_006,train,7925ce616931ad52c69a46e94b69e113fc9713d4bb15c5f9163ba0354e4c8b0c
SolDef_AI/Dataset/CS1/R0805/V2/WIN_20220330_13_17_14_Pro.jpg#2,SolDef_AI/Dataset/CS1/R0805/V2/WIN_20220330_13_17_14_Pro.jpg,2,right,CS1,R0805,CS1/R0805,V2,excess,manual_006,train,7925ce616931ad52c69a46e94b69e113fc9713d4bb15c5f9163ba0354e4c8b0c
SolDef_AI/Dataset/CS1/R0805/V2/WIN_20220330_13_17_51_Pro.jpg#1,SolDef_AI/Dataset/CS1/R0805/V2/WIN_20220330_13_17_51_Pro.jpg,1,left,CS1,R0805,CS1/R0805,V2,normal,manual_007,train,7925ce616931ad52c69a46e94b69e113fc9713d4bb15c5f9163ba0354e4c8b0c
SolDef_AI/Dataset/CS1/R0805/V2/WIN_20220330_13_17_51_Pro.jpg#2,SolDef_AI/Dataset/CS1/R0805/V2/WIN_20220330_13_17_51_Pro.jpg,2,right,CS1,R0805,CS1/R0805,V2,spike,manual_007,train,7925ce616931ad52c69a46e94b69e113fc9713d4bb15c5f9163ba0354e4c8b0c
SolDef_AI/Dataset/CS1/R0805/V2/WIN_20220330_13_18_07_Pro.jpg#1,SolDef_AI/Dataset/CS1/R0805/V2/WIN_20220330_13_18_07_Pro.jpg,1,left,CS1,R0805,CS1/R0805,V2,normal,manual_008,test,7925ce616931ad52c69a46e94b69e113fc9713d4bb15c5f9163ba0354e4c8b0c
SolDef_AI/Dataset/CS1/R0805/V2/WIN_20220330_13_18_07_Pro.jpg#2,SolDef_AI/Dataset/CS1/R0805/V2/WIN_20220330_13_18_07_Pro.jpg,2,right,CS1,R0805,CS1/R0805,V2,spike,manual_008,test,7925ce616931ad52c69a46e94b69e113fc9713d4bb15c5f9163ba0354e4c8b0c
SolDef_AI/Dataset/CS1/R0805/V2/WIN_20220330_13_18_32_Pro.jpg#1,SolDef_AI/Dataset/CS1/R0805/V2/WIN_20220330_13_18_32_Pro.jpg,1,left,CS1,R0805,CS1/R0805,V2,insufficient,manual_009,val,7925ce616931ad52c69a46e94b69e113fc9713d4bb15c5f9163ba0354e4c8b0c
SolDef_AI/Dataset/CS1/R0805/V2/WIN_20220330_13_18_32_Pro.jpg#2,SolDef_AI/Dataset/CS1/R0805/V2/WIN_20220330_13_18_32_Pro.jpg,2,right,CS1,R0805,CS1/R0805,V2,spike,manual_009,val,7925ce616931ad52c69a46e94b69e113fc9713d4bb15c5f9163ba0354e4c8b0c
SolDef_AI/Dataset/CS1/R0805/V2/WIN_20220330_13_19_17_Pro.jpg#1,SolDef_AI/Dataset/CS1/R0805/V2/WIN_20220330_13_19_17_Pro.jpg,1,left,CS1,R0805,CS1/R0805,V2,normal,manual_010,train,7925ce616931ad52c69a46e94b69e113fc9713d4bb15c5f9163ba0354e4c8b0c
SolDef_AI/Dataset/CS1/R0805/V2/WIN_20220330_13_19_17_Pro.jpg#2,SolDef_AI/Dataset/CS1/R0805/V2/WIN_20220330_13_19_17_Pro.jpg,2,right,CS1,R0805,CS1/R0805,V2,excess,manual_010,train,7925ce616931ad52c69a46e94b69e113fc9713d4bb15c5f9163ba0354e4c8b0c
SolDef_AI/Dataset/CS1/R0805/V2/WIN_20220330_13_20_12_Pro.jpg#1,SolDef_AI/Dataset/CS1/R0805/V2/WIN_20220330_13_20_12_Pro.jpg,1,left,CS1,R0805,CS1/R0805,V2,insufficient,manual_011,test,7925ce616931ad52c69a46e94b69e113fc9713d4bb15c5f9163ba0354e4c8b0c
SolDef_AI/Dataset/CS1/R0805/V2/WIN_20220330_13_20_12_Pro.jpg#2,SolDef_AI/Dataset/CS1/R0805/V2/WIN_20220330_13_20_12_Pro.jpg,2,right,CS1,R0805,CS1/R0805,V2,spike,manual_011,test,7925ce616931ad52c69a46e94b69e113fc9713d4bb15c5f9163ba0354e4c8b0c
SolDef_AI/Dataset/CS1/R0805/V2/WIN_20220330_13_20_23_Pro.jpg#1,SolDef_AI/Dataset/CS1/R0805/V2/WIN_20220330_13_20_23_Pro.jpg,1,left,CS1,R0805,CS1/R0805,V2,excess,manual_012,train,7925ce616931ad52c69a46e94b69e113fc9713d4bb15c5f9163ba0354e4c8b0c
SolDef_AI/Dataset/CS1/R0805/V2/WIN_20220330_13_20_23_Pro.jpg#2,SolDef_AI/Dataset/CS1/R0805/V2/WIN_20220330_13_20_23_Pro.jpg,2,right,CS1,R0805,CS1/R0805,V2,spike,manual_012,train,7925ce616931ad52c69a46e94b69e113fc9713d4bb15c5f9163ba0354e4c8b0c
SolDef_AI/Dataset/CS1/R0805/V2/WIN_20220330_13_20_35_Pro.jpg#1,SolDef_AI/Dataset/CS1/R0805/V2/WIN_20220330_13_20_35_Pro.jpg,1,left,CS1,R0805,CS1/R0805,V2,excess,manual_013,train,7925ce616931ad52c69a46e94b69e113fc9713d4bb15c5f9163ba0354e4c8b0c
SolDef_AI/Dataset/CS1/R0805/V2/WIN_20220330_13_20_35_Pro.jpg#2,SolDef_AI/Dataset/CS1/R0805/V2/WIN_20220330_13_20_35_Pro.jpg,2,right,CS1,R0805,CS1/R0805,V2,spike,manual_013,train,7925ce616931ad52c69a46e94b69e113fc9713d4bb15c5f9163ba0354e4c8b0c
SolDef_AI/Dataset/CS1/R0805/V2/WIN_20220330_13_20_47_Pro.jpg#1,SolDef_AI/Dataset/CS1/R0805/V2/WIN_20220330_13_20_47_Pro.jpg,1,left,CS1,R0805,CS1/R0805,V2,normal,manual_014,train,7925ce616931ad52c69a46e94b69e113fc9713d4bb15c5f9163ba0354e4c8b0c
SolDef_AI/Dataset/CS1/R0805/V2/WIN_20220330_13_20_47_Pro.jpg#2,SolDef_AI/Dataset/CS1/R0805/V2/WIN_20220330_13_20_47_Pro.jpg,2,right,CS1,R0805,CS1/R0805,V2,insufficient,manual_014,train,7925ce616931ad52c69a46e94b69e113fc9713d4bb15c5f9163ba0354e4c8b0c
SolDef_AI/Dataset/CS1/R0805/V2/WIN_20220330_13_20_58_Pro.jpg#1,SolDef_AI/Dataset/CS1/R0805/V2/WIN_20220330_13_20_58_Pro.jpg,1,left,CS1,R0805,CS1/R0805,V2,insufficient,manual_015,train,7925ce616931ad52c69a46e94b69e113fc9713d4bb15c5f9163ba0354e4c8b0c
SolDef_AI/Dataset/CS1/R0805/V2/WIN_20220330_13_20_58_Pro.jpg#2,SolDef_AI/Dataset/CS1/R0805/V2/WIN_20220330_13_20_58_Pro.jpg,2,right,CS1,R0805,CS1/R0805,V2,insufficient,manual_015,train,7925ce616931ad52c69a46e94b69e113fc9713d4bb15c5f9163ba0354e4c8b0c
SolDef_AI/Dataset/CS1/R0805/V2/WIN_20220330_13_21_12_Pro.jpg#1,SolDef_AI/Dataset/CS1/R0805/V2/WIN_20220330_13_21_12_Pro.jpg,1,left,CS1,R0805,CS1/R0805,V2,excess,manual_016,train,7925ce616931ad52c69a46e94b69e113fc9713d4bb15c5f9163ba0354e4c8b0c
SolDef_AI/Dataset/CS1/R0805/V2/WIN_20220330_13_21_12_Pro.jpg#2,SolDef_AI/Dataset/CS1/R0805/V2/WIN_20220330_13_21_12_Pro.jpg,2,right,CS1,R0805,CS1/R0805,V2,insufficient,manual_016,train,7925ce616931ad52c69a46e94b69e113fc9713d4bb15c5f9163ba0354e4c8b0c
SolDef_AI/Dataset/CS1/R0805/V2/WIN_20220330_13_21_32_Pro.jpg#1,SolDef_AI/Dataset/CS1/R0805/V2/WIN_20220330_13_21_32_Pro.jpg,1,left,CS1,R0805,CS1/R0805,V2,excess,manual_017,train,7925ce616931ad52c69a46e94b69e113fc9713d4bb15c5f9163ba0354e4c8b0c
SolDef_AI/Dataset/CS1/R0805/V2/WIN_20220330_13_21_32_Pro.jpg#2,SolDef_AI/Dataset/CS1/R0805/V2/WIN_20220330_13_21_32_Pro.jpg,2,right,CS1,R0805,CS1/R0805,V2,excess,manual_017,train,7925ce616931ad52c69a46e94b69e113fc9713d4bb15c5f9163ba0354e4c8b0c
SolDef_AI/Dataset/CS1/R0805/V2/WIN_20220330_13_22_11_Pro.jpg#1,SolDef_AI/Dataset/CS1/R0805/V2/WIN_20220330_13_22_11_Pro.jpg,1,left,CS1,R0805,CS1/R0805,V2,normal,manual_018,val,7925ce616931ad52c69a46e94b69e113fc9713d4bb15c5f9163ba0354e4c8b0c
SolDef_AI/Dataset/CS1/R0805/V2/WIN_20220330_13_22_11_Pro.jpg#2,SolDef_AI/Dataset/CS1/R0805/V2/WIN_20220330_13_22_11_Pro.jpg,2,right,CS1,R0805,CS1/R0805,V2,spike,manual_018,val,7925ce616931ad52c69a46e94b69e113fc9713d4bb15c5f9163ba0354e4c8b0c
SolDef_AI/Dataset/CS1/R0805/V2/WIN_20220330_13_22_28_Pro.jpg#1,SolDef_AI/Dataset/CS1/R0805/V2/WIN_20220330_13_22_28_Pro.jpg,1,left,CS1,R0805,CS1/R0805,V2,normal,manual_019,val,7925ce616931ad52c69a46e94b69e113fc9713d4bb15c5f9163ba0354e4c8b0c
SolDef_AI/Dataset/CS1/R0805/V2/WIN_20220330_13_22_28_Pro.jpg#2,SolDef_AI/Dataset/CS1/R0805/V2/WIN_20220330_13_22_28_Pro.jpg,2,right,CS1,R0805,CS1/R0805,V2,spike,manual_019,val,7925ce616931ad52c69a46e94b69e113fc9713d4bb15c5f9163ba0354e4c8b0c
SolDef_AI/Dataset/CS1/R0805/V2/WIN_20220330_13_22_42_Pro.jpg#1,SolDef_AI/Dataset/CS1/R0805/V2/WIN_20220330_13_22_42_Pro.jpg,1,left,CS1,R0805,CS1/R0805,V2,insufficient,manual_020,val,7925ce616931ad52c69a46e94b69e113fc9713d4bb15c5f9163ba0354e4c8b0c
SolDef_AI/Dataset/CS1/R0805/V2/WIN_20220330_13_22_42_Pro.jpg#2,SolDef_AI/Dataset/CS1/R0805/V2/WIN_20220330_13_22_42_Pro.jpg,2,right,CS1,R0805,CS1/R0805,V2,insufficient,manual_020,val,7925ce616931ad52c69a46e94b69e113fc9713d4bb15c5f9163ba0354e4c8b0c
SolDef_AI/Dataset/CS1/R1206/V2.1/WIN_20220330_13_48_20_Pro.jpg#1,SolDef_AI/Dataset/CS1/R1206/V2.1/WIN_20220330_13_48_20_Pro.jpg,1,left,CS1,R1206,CS1/R1206,V2.1,insufficient,manual_021,train,7925ce616931ad52c69a46e94b69e113fc9713d4bb15c5f9163ba0354e4c8b0c
SolDef_AI/Dataset/CS1/R1206/V2.1/WIN_20220330_13_48_20_Pro.jpg#2,SolDef_AI/Dataset/CS1/R1206/V2.1/WIN_20220330_13_48_20_Pro.jpg,2,right,CS1,R1206,CS1/R1206,V2.1,excess,manual_021,train,7925ce616931ad52c69a46e94b69e113fc9713d4bb15c5f9163ba0354e4c8b0c
SolDef_AI/Dataset/CS1/R1206/V2.1/WIN_20220330_13_48_31_Pro.jpg#1,SolDef_AI/Dataset/CS1/R1206/V2.1/WIN_20220330_13_48_31_Pro.jpg,1,left,CS1,R1206,CS1/R1206,V2.1,insufficient,manual_022,test,7925ce616931ad52c69a46e94b69e113fc9713d4bb15c5f9163ba0354e4c8b0c
SolDef_AI/Dataset/CS1/R1206/V2.1/WIN_20220330_13_48_31_Pro.jpg#2,SolDef_AI/Dataset/CS1/R1206/V2.1/WIN_20220330_13_48_31_Pro.jpg,2,right,CS1,R1206,CS1/R1206,V2.1,normal,manual_022,test,7925ce616931ad52c69a46e94b69e113fc9713d4bb15c5f9163ba0354e4c8b0c
SolDef_AI/Dataset/CS1/R1206/V2.1/WIN_20220330_13_48_56_Pro.jpg#1,SolDef_AI/Dataset/CS1/R1206/V2.1/WIN_20220330_13_48_56_Pro.jpg,1,left,CS1,R1206,CS1/R1206,V2.1,spike,manual_023,val,7925ce616931ad52c69a46e94b69e113fc9713d4bb15c5f9163ba0354e4c8b0c
SolDef_AI/Dataset/CS1/R1206/V2.1/WIN_20220330_13_48_56_Pro.jpg#2,SolDef_AI/Dataset/CS1/R1206/V2.1/WIN_20220330_13_48_56_Pro.jpg,2,right,CS1,R1206,CS1/R1206,V2.1,excess,manual_023,val,7925ce616931ad52c69a46e94b69e113fc9713d4bb15c5f9163ba0354e4c8b0c
SolDef_AI/Dataset/CS1/R1206/V2.1/WIN_20220330_13_49_05_Pro.jpg#1,SolDef_AI/Dataset/CS1/R1206/V2.1/WIN_20220330_13_49_05_Pro.jpg,1,left,CS1,R1206,CS1/R1206,V2.1,normal,manual_024,test,7925ce616931ad52c69a46e94b69e113fc9713d4bb15c5f9163ba0354e4c8b0c
SolDef_AI/Dataset/CS1/R1206/V2.1/WIN_20220330_13_49_05_Pro.jpg#2,SolDef_AI/Dataset/CS1/R1206/V2.1/WIN_20220330_13_49_05_Pro.jpg,2,right,CS1,R1206,CS1/R1206,V2.1,excess,manual_024,test,7925ce616931ad52c69a46e94b69e113fc9713d4bb15c5f9163ba0354e4c8b0c
SolDef_AI/Dataset/CS1/R1206/V2.1/WIN_20220330_13_49_24_Pro.jpg#1,SolDef_AI/Dataset/CS1/R1206/V2.1/WIN_20220330_13_49_24_Pro.jpg,1,left,CS1,R1206,CS1/R1206,V2.1,normal,manual_025,train,7925ce616931ad52c69a46e94b69e113fc9713d4bb15c5f9163ba0354e4c8b0c
SolDef_AI/Dataset/CS1/R1206/V2.1/WIN_20220330_13_49_24_Pro.jpg#2,SolDef_AI/Dataset/CS1/R1206/V2.1/WIN_20220330_13_49_24_Pro.jpg,2,right,CS1,R1206,CS1/R1206,V2.1,excess,manual_025,train,7925ce616931ad52c69a46e94b69e113fc9713d4bb15c5f9163ba0354e4c8b0c
SolDef_AI/Dataset/CS1/R1206/V2.1/WIN_20220330_13_49_35_Pro.jpg#1,SolDef_AI/Dataset/CS1/R1206/V2.1/WIN_20220330_13_49_35_Pro.jpg,1,left,CS1,R1206,CS1/R1206,V2.1,insufficient,manual_026,train,7925ce616931ad52c69a46e94b69e113fc9713d4bb15c5f9163ba0354e4c8b0c
SolDef_AI/Dataset/CS1/R1206/V2.1/WIN_20220330_13_49_35_Pro.jpg#2,SolDef_AI/Dataset/CS1/R1206/V2.1/WIN_20220330_13_49_35_Pro.jpg,2,right,CS1,R1206,CS1/R1206,V2.1,normal,manual_026,train,7925ce616931ad52c69a46e94b69e113fc9713d4bb15c5f9163ba0354e4c8b0c
SolDef_AI/Dataset/CS1/R1206/V2.1/WIN_20220330_13_49_50_Pro.jpg#1,SolDef_AI/Dataset/CS1/R1206/V2.1/WIN_20220330_13_49_50_Pro.jpg,1,left,CS1,R1206,CS1/R1206,V2.1,insufficient,manual_027,train,7925ce616931ad52c69a46e94b69e113fc9713d4bb15c5f9163ba0354e4c8b0c
SolDef_AI/Dataset/CS1/R1206/V2.1/WIN_20220330_13_49_50_Pro.jpg#2,SolDef_AI/Dataset/CS1/R1206/V2.1/WIN_20220330_13_49_50_Pro.jpg,2,right,CS1,R1206,CS1/R1206,V2.1,normal,manual_027,train,7925ce616931ad52c69a46e94b69e113fc9713d4bb15c5f9163ba0354e4c8b0c
SolDef_AI/Dataset/CS1/R1206/V2.1/WIN_20220330_13_50_04_Pro.jpg#1,SolDef_AI/Dataset/CS1/R1206/V2.1/WIN_20220330_13_50_04_Pro.jpg,1,left,CS1,R1206,CS1/R1206,V2.1,insufficient,manual_028,train,7925ce616931ad52c69a46e94b69e113fc9713d4bb15c5f9163ba0354e4c8b0c
SolDef_AI/Dataset/CS1/R1206/V2.1/WIN_20220330_13_50_04_Pro.jpg#2,SolDef_AI/Dataset/CS1/R1206/V2.1/WIN_20220330_13_50_04_Pro.jpg,2,right,CS1,R1206,CS1/R1206,V2.1,excess,manual_028,train,7925ce616931ad52c69a46e94b69e113fc9713d4bb15c5f9163ba0354e4c8b0c
SolDef_AI/Dataset/CS1/R1206/V2.1/WIN_20220330_13_50_17_Pro.jpg#1,SolDef_AI/Dataset/CS1/R1206/V2.1/WIN_20220330_13_50_17_Pro.jpg,1,left,CS1,R1206,CS1/R1206,V2.1,insufficient,manual_029,train,7925ce616931ad52c69a46e94b69e113fc9713d4bb15c5f9163ba0354e4c8b0c
SolDef_AI/Dataset/CS1/R1206/V2.1/WIN_20220330_13_50_17_Pro.jpg#2,SolDef_AI/Dataset/CS1/R1206/V2.1/WIN_20220330_13_50_17_Pro.jpg,2,right,CS1,R1206,CS1/R1206,V2.1,normal,manual_029,train,7925ce616931ad52c69a46e94b69e113fc9713d4bb15c5f9163ba0354e4c8b0c
SolDef_AI/Dataset/CS1/R1206/V2.1/WIN_20220330_13_50_38_Pro.jpg#1,SolDef_AI/Dataset/CS1/R1206/V2.1/WIN_20220330_13_50_38_Pro.jpg,1,left,CS1,R1206,CS1/R1206,V2.1,insufficient,manual_030,test,7925ce616931ad52c69a46e94b69e113fc9713d4bb15c5f9163ba0354e4c8b0c
SolDef_AI/Dataset/CS1/R1206/V2.1/WIN_20220330_13_50_38_Pro.jpg#2,SolDef_AI/Dataset/CS1/R1206/V2.1/WIN_20220330_13_50_38_Pro.jpg,2,right,CS1,R1206,CS1/R1206,V2.1,excess,manual_030,test,7925ce616931ad52c69a46e94b69e113fc9713d4bb15c5f9163ba0354e4c8b0c
SolDef_AI/Dataset/CS1/R1206/V2/WIN_20220330_13_28_00_Pro.jpg#1,SolDef_AI/Dataset/CS1/R1206/V2/WIN_20220330_13_28_00_Pro.jpg,1,left,CS1,R1206,CS1/R1206,V2,excess,manual_021,train,7925ce616931ad52c69a46e94b69e113fc9713d4bb15c5f9163ba0354e4c8b0c
SolDef_AI/Dataset/CS1/R1206/V2/WIN_20220330_13_28_00_Pro.jpg#2,SolDef_AI/Dataset/CS1/R1206/V2/WIN_20220330_13_28_00_Pro.jpg,2,right,CS1,R1206,CS1/R1206,V2,insufficient,manual_021,train,7925ce616931ad52c69a46e94b69e113fc9713d4bb15c5f9163ba0354e4c8b0c
SolDef_AI/Dataset/CS1/R1206/V2/WIN_20220330_13_28_10_Pro.jpg#1,SolDef_AI/Dataset/CS1/R1206/V2/WIN_20220330_13_28_10_Pro.jpg,1,left,CS1,R1206,CS1/R1206,V2,excess,manual_022,test,7925ce616931ad52c69a46e94b69e113fc9713d4bb15c5f9163ba0354e4c8b0c
SolDef_AI/Dataset/CS1/R1206/V2/WIN_20220330_13_28_10_Pro.jpg#2,SolDef_AI/Dataset/CS1/R1206/V2/WIN_20220330_13_28_10_Pro.jpg,2,right,CS1,R1206,CS1/R1206,V2,insufficient,manual_022,test,7925ce616931ad52c69a46e94b69e113fc9713d4bb15c5f9163ba0354e4c8b0c
SolDef_AI/Dataset/CS1/R1206/V2/WIN_20220330_13_28_20_Pro.jpg#1,SolDef_AI/Dataset/CS1/R1206/V2/WIN_20220330_13_28_20_Pro.jpg,1,left,CS1,R1206,CS1/R1206,V2,excess,manual_023,val,7925ce616931ad52c69a46e94b69e113fc9713d4bb15c5f9163ba0354e4c8b0c
SolDef_AI/Dataset/CS1/R1206/V2/WIN_20220330_13_28_20_Pro.jpg#2,SolDef_AI/Dataset/CS1/R1206/V2/WIN_20220330_13_28_20_Pro.jpg,2,right,CS1,R1206,CS1/R1206,V2,spike,manual_023,val,7925ce616931ad52c69a46e94b69e113fc9713d4bb15c5f9163ba0354e4c8b0c
SolDef_AI/Dataset/CS1/R1206/V2/WIN_20220330_13_28_34_Pro.jpg#1,SolDef_AI/Dataset/CS1/R1206/V2/WIN_20220330_13_28_34_Pro.jpg,1,left,CS1,R1206,CS1/R1206,V2,normal,manual_024,test,7925ce616931ad52c69a46e94b69e113fc9713d4bb15c5f9163ba0354e4c8b0c
SolDef_AI/Dataset/CS1/R1206/V2/WIN_20220330_13_28_34_Pro.jpg#2,SolDef_AI/Dataset/CS1/R1206/V2/WIN_20220330_13_28_34_Pro.jpg,2,right,CS1,R1206,CS1/R1206,V2,excess,manual_024,test,7925ce616931ad52c69a46e94b69e113fc9713d4bb15c5f9163ba0354e4c8b0c
SolDef_AI/Dataset/CS1/R1206/V2/WIN_20220330_13_28_47_Pro.jpg#1,SolDef_AI/Dataset/CS1/R1206/V2/WIN_20220330_13_28_47_Pro.jpg,1,left,CS1,R1206,CS1/R1206,V2,excess,manual_025,train,7925ce616931ad52c69a46e94b69e113fc9713d4bb15c5f9163ba0354e4c8b0c
SolDef_AI/Dataset/CS1/R1206/V2/WIN_20220330_13_28_47_Pro.jpg#2,SolDef_AI/Dataset/CS1/R1206/V2/WIN_20220330_13_28_47_Pro.jpg,2,right,CS1,R1206,CS1/R1206,V2,excess,manual_025,train,7925ce616931ad52c69a46e94b69e113fc9713d4bb15c5f9163ba0354e4c8b0c
SolDef_AI/Dataset/CS1/R1206/V2/WIN_20220330_13_29_03_Pro.jpg#1,SolDef_AI/Dataset/CS1/R1206/V2/WIN_20220330_13_29_03_Pro.jpg,1,left,CS1,R1206,CS1/R1206,V2,normal,manual_026,train,7925ce616931ad52c69a46e94b69e113fc9713d4bb15c5f9163ba0354e4c8b0c
SolDef_AI/Dataset/CS1/R1206/V2/WIN_20220330_13_29_03_Pro.jpg#2,SolDef_AI/Dataset/CS1/R1206/V2/WIN_20220330_13_29_03_Pro.jpg,2,right,CS1,R1206,CS1/R1206,V2,normal,manual_026,train,7925ce616931ad52c69a46e94b69e113fc9713d4bb15c5f9163ba0354e4c8b0c
SolDef_AI/Dataset/CS1/R1206/V2/WIN_20220330_13_29_21_Pro.jpg#1,SolDef_AI/Dataset/CS1/R1206/V2/WIN_20220330_13_29_21_Pro.jpg,1,left,CS1,R1206,CS1/R1206,V2,normal,manual_027,train,7925ce616931ad52c69a46e94b69e113fc9713d4bb15c5f9163ba0354e4c8b0c
SolDef_AI/Dataset/CS1/R1206/V2/WIN_20220330_13_29_21_Pro.jpg#2,SolDef_AI/Dataset/CS1/R1206/V2/WIN_20220330_13_29_21_Pro.jpg,2,right,CS1,R1206,CS1/R1206,V2,spike,manual_027,train,7925ce616931ad52c69a46e94b69e113fc9713d4bb15c5f9163ba0354e4c8b0c
SolDef_AI/Dataset/CS1/R1206/V2/WIN_20220330_13_29_35_Pro.jpg#1,SolDef_AI/Dataset/CS1/R1206/V2/WIN_20220330_13_29_35_Pro.jpg,1,left,CS1,R1206,CS1/R1206,V2,excess,manual_028,train,7925ce616931ad52c69a46e94b69e113fc9713d4bb15c5f9163ba0354e4c8b0c
SolDef_AI/Dataset/CS1/R1206/V2/WIN_20220330_13_29_35_Pro.jpg#2,SolDef_AI/Dataset/CS1/R1206/V2/WIN_20220330_13_29_35_Pro.jpg,2,right,CS1,R1206,CS1/R1206,V2,insufficient,manual_028,train,7925ce616931ad52c69a46e94b69e113fc9713d4bb15c5f9163ba0354e4c8b0c
SolDef_AI/Dataset/CS1/R1206/V2/WIN_20220330_13_29_53_Pro.jpg#1,SolDef_AI/Dataset/CS1/R1206/V2/WIN_20220330_13_29_53_Pro.jpg,1,left,CS1,R1206,CS1/R1206,V2,normal,manual_029,train,7925ce616931ad52c69a46e94b69e113fc9713d4bb15c5f9163ba0354e4c8b0c
SolDef_AI/Dataset/CS1/R1206/V2/WIN_20220330_13_29_53_Pro.jpg#2,SolDef_AI/Dataset/CS1/R1206/V2/WIN_20220330_13_29_53_Pro.jpg,2,right,CS1,R1206,CS1/R1206,V2,insufficient,manual_029,train,7925ce616931ad52c69a46e94b69e113fc9713d4bb15c5f9163ba0354e4c8b0c
SolDef_AI/Dataset/CS1/R1206/V2/WIN_20220330_13_30_21_Pro.jpg#1,SolDef_AI/Dataset/CS1/R1206/V2/WIN_20220330_13_30_21_Pro.jpg,1,left,CS1,R1206,CS1/R1206,V2,excess,manual_030,test,7925ce616931ad52c69a46e94b69e113fc9713d4bb15c5f9163ba0354e4c8b0c
SolDef_AI/Dataset/CS1/R1206/V2/WIN_20220330_13_30_21_Pro.jpg#2,SolDef_AI/Dataset/CS1/R1206/V2/WIN_20220330_13_30_21_Pro.jpg,2,right,CS1,R1206,CS1/R1206,V2,insufficient,manual_030,test,7925ce616931ad52c69a46e94b69e113fc9713d4bb15c5f9163ba0354e4c8b0c
SolDef_AI/Dataset/CS2/R0603/V2/WIN_20220330_16_07_04_Pro.jpg#1,SolDef_AI/Dataset/CS2/R0603/V2/WIN_20220330_16_07_04_Pro.jpg,1,left,CS2,R0603,CS2/R0603,V2,spike,manual_031,test,7925ce616931ad52c69a46e94b69e113fc9713d4bb15c5f9163ba0354e4c8b0c
SolDef_AI/Dataset/CS2/R0603/V2/WIN_20220330_16_07_04_Pro.jpg#2,SolDef_AI/Dataset/CS2/R0603/V2/WIN_20220330_16_07_04_Pro.jpg,2,right,CS2,R0603,CS2/R0603,V2,spike,manual_031,test,7925ce616931ad52c69a46e94b69e113fc9713d4bb15c5f9163ba0354e4c8b0c
SolDef_AI/Dataset/CS2/R0603/V2/WIN_20220330_16_07_17_Pro.jpg#1,SolDef_AI/Dataset/CS2/R0603/V2/WIN_20220330_16_07_17_Pro.jpg,1,left,CS2,R0603,CS2/R0603,V2,excess,manual_032,test,7925ce616931ad52c69a46e94b69e113fc9713d4bb15c5f9163ba0354e4c8b0c
SolDef_AI/Dataset/CS2/R0603/V2/WIN_20220330_16_07_17_Pro.jpg#2,SolDef_AI/Dataset/CS2/R0603/V2/WIN_20220330_16_07_17_Pro.jpg,2,right,CS2,R0603,CS2/R0603,V2,spike,manual_032,test,7925ce616931ad52c69a46e94b69e113fc9713d4bb15c5f9163ba0354e4c8b0c
SolDef_AI/Dataset/CS2/R0603/V2/WIN_20220330_16_07_29_Pro.jpg#1,SolDef_AI/Dataset/CS2/R0603/V2/WIN_20220330_16_07_29_Pro.jpg,1,left,CS2,R0603,CS2/R0603,V2,excess,manual_033,val,7925ce616931ad52c69a46e94b69e113fc9713d4bb15c5f9163ba0354e4c8b0c
SolDef_AI/Dataset/CS2/R0603/V2/WIN_20220330_16_07_29_Pro.jpg#2,SolDef_AI/Dataset/CS2/R0603/V2/WIN_20220330_16_07_29_Pro.jpg,2,right,CS2,R0603,CS2/R0603,V2,spike,manual_033,val,7925ce616931ad52c69a46e94b69e113fc9713d4bb15c5f9163ba0354e4c8b0c
SolDef_AI/Dataset/CS2/R0603/V2/WIN_20220330_16_07_40_Pro.jpg#1,SolDef_AI/Dataset/CS2/R0603/V2/WIN_20220330_16_07_40_Pro.jpg,1,left,CS2,R0603,CS2/R0603,V2,excess,manual_034,train,7925ce616931ad52c69a46e94b69e113fc9713d4bb15c5f9163ba0354e4c8b0c
SolDef_AI/Dataset/CS2/R0603/V2/WIN_20220330_16_07_40_Pro.jpg#2,SolDef_AI/Dataset/CS2/R0603/V2/WIN_20220330_16_07_40_Pro.jpg,2,right,CS2,R0603,CS2/R0603,V2,spike,manual_034,train,7925ce616931ad52c69a46e94b69e113fc9713d4bb15c5f9163ba0354e4c8b0c
SolDef_AI/Dataset/CS2/R0603/V2/WIN_20220330_16_07_49_Pro.jpg#1,SolDef_AI/Dataset/CS2/R0603/V2/WIN_20220330_16_07_49_Pro.jpg,1,left,CS2,R0603,CS2/R0603,V2,excess,manual_035,train,7925ce616931ad52c69a46e94b69e113fc9713d4bb15c5f9163ba0354e4c8b0c
SolDef_AI/Dataset/CS2/R0603/V2/WIN_20220330_16_07_49_Pro.jpg#2,SolDef_AI/Dataset/CS2/R0603/V2/WIN_20220330_16_07_49_Pro.jpg,2,right,CS2,R0603,CS2/R0603,V2,excess,manual_035,train,7925ce616931ad52c69a46e94b69e113fc9713d4bb15c5f9163ba0354e4c8b0c
SolDef_AI/Dataset/CS2/R0603/V2/WIN_20220330_16_07_58_Pro.jpg#1,SolDef_AI/Dataset/CS2/R0603/V2/WIN_20220330_16_07_58_Pro.jpg,1,left,CS2,R0603,CS2/R0603,V2,excess,manual_036,train,7925ce616931ad52c69a46e94b69e113fc9713d4bb15c5f9163ba0354e4c8b0c
SolDef_AI/Dataset/CS2/R0603/V2/WIN_20220330_16_07_58_Pro.jpg#2,SolDef_AI/Dataset/CS2/R0603/V2/WIN_20220330_16_07_58_Pro.jpg,2,right,CS2,R0603,CS2/R0603,V2,spike,manual_036,train,7925ce616931ad52c69a46e94b69e113fc9713d4bb15c5f9163ba0354e4c8b0c
SolDef_AI/Dataset/CS2/R0603/V2/WIN_20220330_16_08_11_Pro.jpg#1,SolDef_AI/Dataset/CS2/R0603/V2/WIN_20220330_16_08_11_Pro.jpg,1,left,CS2,R0603,CS2/R0603,V2,insufficient,manual_037,train,7925ce616931ad52c69a46e94b69e113fc9713d4bb15c5f9163ba0354e4c8b0c
SolDef_AI/Dataset/CS2/R0603/V2/WIN_20220330_16_08_11_Pro.jpg#2,SolDef_AI/Dataset/CS2/R0603/V2/WIN_20220330_16_08_11_Pro.jpg,2,right,CS2,R0603,CS2/R0603,V2,spike,manual_037,train,7925ce616931ad52c69a46e94b69e113fc9713d4bb15c5f9163ba0354e4c8b0c
SolDef_AI/Dataset/CS2/R0603/V2/WIN_20220330_16_08_43_Pro.jpg#1,SolDef_AI/Dataset/CS2/R0603/V2/WIN_20220330_16_08_43_Pro.jpg,1,left,CS2,R0603,CS2/R0603,V2,spike,manual_038,train,7925ce616931ad52c69a46e94b69e113fc9713d4bb15c5f9163ba0354e4c8b0c
SolDef_AI/Dataset/CS2/R0603/V2/WIN_20220330_16_08_43_Pro.jpg#2,SolDef_AI/Dataset/CS2/R0603/V2/WIN_20220330_16_08_43_Pro.jpg,2,right,CS2,R0603,CS2/R0603,V2,spike,manual_038,train,7925ce616931ad52c69a46e94b69e113fc9713d4bb15c5f9163ba0354e4c8b0c
SolDef_AI/Dataset/CS2/R0603/V2/WIN_20220330_16_09_05_Pro.jpg#1,SolDef_AI/Dataset/CS2/R0603/V2/WIN_20220330_16_09_05_Pro.jpg,1,left,CS2,R0603,CS2/R0603,V2,excess,manual_039,train,7925ce616931ad52c69a46e94b69e113fc9713d4bb15c5f9163ba0354e4c8b0c
SolDef_AI/Dataset/CS2/R0603/V2/WIN_20220330_16_09_05_Pro.jpg#2,SolDef_AI/Dataset/CS2/R0603/V2/WIN_20220330_16_09_05_Pro.jpg,2,right,CS2,R0603,CS2/R0603,V2,spike,manual_039,train,7925ce616931ad52c69a46e94b69e113fc9713d4bb15c5f9163ba0354e4c8b0c
SolDef_AI/Dataset/CS2/R0603/V2/WIN_20220330_16_09_40_Pro.jpg#1,SolDef_AI/Dataset/CS2/R0603/V2/WIN_20220330_16_09_40_Pro.jpg,1,left,CS2,R0603,CS2/R0603,V2,spike,manual_040,train,7925ce616931ad52c69a46e94b69e113fc9713d4bb15c5f9163ba0354e4c8b0c
SolDef_AI/Dataset/CS2/R0603/V2/WIN_20220330_16_09_40_Pro.jpg#2,SolDef_AI/Dataset/CS2/R0603/V2/WIN_20220330_16_09_40_Pro.jpg,2,right,CS2,R0603,CS2/R0603,V2,spike,manual_040,train,7925ce616931ad52c69a46e94b69e113fc9713d4bb15c5f9163ba0354e4c8b0c
SolDef_AI/Dataset/CS2/R0805/V2.1/WIN_20220330_16_14_05_Pro.jpg#1,SolDef_AI/Dataset/CS2/R0805/V2.1/WIN_20220330_16_14_05_Pro.jpg,1,left,CS2,R0805,CS2/R0805,V2.1,spike,manual_041,val,7925ce616931ad52c69a46e94b69e113fc9713d4bb15c5f9163ba0354e4c8b0c
SolDef_AI/Dataset/CS2/R0805/V2.1/WIN_20220330_16_14_05_Pro.jpg#2,SolDef_AI/Dataset/CS2/R0805/V2.1/WIN_20220330_16_14_05_Pro.jpg,2,right,CS2,R0805,CS2/R0805,V2.1,spike,manual_041,val,7925ce616931ad52c69a46e94b69e113fc9713d4bb15c5f9163ba0354e4c8b0c
SolDef_AI/Dataset/CS2/R0805/V2.1/WIN_20220330_16_14_26_Pro.jpg#1,SolDef_AI/Dataset/CS2/R0805/V2.1/WIN_20220330_16_14_26_Pro.jpg,1,left,CS2,R0805,CS2/R0805,V2.1,spike,manual_042,train,7925ce616931ad52c69a46e94b69e113fc9713d4bb15c5f9163ba0354e4c8b0c
SolDef_AI/Dataset/CS2/R0805/V2.1/WIN_20220330_16_14_26_Pro.jpg#2,SolDef_AI/Dataset/CS2/R0805/V2.1/WIN_20220330_16_14_26_Pro.jpg,2,right,CS2,R0805,CS2/R0805,V2.1,normal,manual_042,train,7925ce616931ad52c69a46e94b69e113fc9713d4bb15c5f9163ba0354e4c8b0c
SolDef_AI/Dataset/CS2/R0805/V2.1/WIN_20220330_16_15_17_Pro.jpg#1,SolDef_AI/Dataset/CS2/R0805/V2.1/WIN_20220330_16_15_17_Pro.jpg,1,left,CS2,R0805,CS2/R0805,V2.1,spike,manual_043,train,7925ce616931ad52c69a46e94b69e113fc9713d4bb15c5f9163ba0354e4c8b0c
SolDef_AI/Dataset/CS2/R0805/V2.1/WIN_20220330_16_15_17_Pro.jpg#2,SolDef_AI/Dataset/CS2/R0805/V2.1/WIN_20220330_16_15_17_Pro.jpg,2,right,CS2,R0805,CS2/R0805,V2.1,spike,manual_043,train,7925ce616931ad52c69a46e94b69e113fc9713d4bb15c5f9163ba0354e4c8b0c
SolDef_AI/Dataset/CS2/R0805/V2.1/WIN_20220330_16_15_27_Pro.jpg#1,SolDef_AI/Dataset/CS2/R0805/V2.1/WIN_20220330_16_15_27_Pro.jpg,1,left,CS2,R0805,CS2/R0805,V2.1,insufficient,manual_044,train,7925ce616931ad52c69a46e94b69e113fc9713d4bb15c5f9163ba0354e4c8b0c
SolDef_AI/Dataset/CS2/R0805/V2.1/WIN_20220330_16_15_27_Pro.jpg#2,SolDef_AI/Dataset/CS2/R0805/V2.1/WIN_20220330_16_15_27_Pro.jpg,2,right,CS2,R0805,CS2/R0805,V2.1,excess,manual_044,train,7925ce616931ad52c69a46e94b69e113fc9713d4bb15c5f9163ba0354e4c8b0c
SolDef_AI/Dataset/CS2/R0805/V2.1/WIN_20220330_16_15_38_Pro.jpg#1,SolDef_AI/Dataset/CS2/R0805/V2.1/WIN_20220330_16_15_38_Pro.jpg,1,left,CS2,R0805,CS2/R0805,V2.1,spike,manual_045,train,7925ce616931ad52c69a46e94b69e113fc9713d4bb15c5f9163ba0354e4c8b0c
SolDef_AI/Dataset/CS2/R0805/V2.1/WIN_20220330_16_15_38_Pro.jpg#2,SolDef_AI/Dataset/CS2/R0805/V2.1/WIN_20220330_16_15_38_Pro.jpg,2,right,CS2,R0805,CS2/R0805,V2.1,spike,manual_045,train,7925ce616931ad52c69a46e94b69e113fc9713d4bb15c5f9163ba0354e4c8b0c
SolDef_AI/Dataset/CS2/R0805/V2.1/WIN_20220330_16_15_49_Pro.jpg#1,SolDef_AI/Dataset/CS2/R0805/V2.1/WIN_20220330_16_15_49_Pro.jpg,1,left,CS2,R0805,CS2/R0805,V2.1,spike,manual_046,train,7925ce616931ad52c69a46e94b69e113fc9713d4bb15c5f9163ba0354e4c8b0c
SolDef_AI/Dataset/CS2/R0805/V2.1/WIN_20220330_16_15_49_Pro.jpg#2,SolDef_AI/Dataset/CS2/R0805/V2.1/WIN_20220330_16_15_49_Pro.jpg,2,right,CS2,R0805,CS2/R0805,V2.1,excess,manual_046,train,7925ce616931ad52c69a46e94b69e113fc9713d4bb15c5f9163ba0354e4c8b0c
SolDef_AI/Dataset/CS2/R0805/V2.1/WIN_20220330_16_16_02_Pro.jpg#1,SolDef_AI/Dataset/CS2/R0805/V2.1/WIN_20220330_16_16_02_Pro.jpg,1,left,CS2,R0805,CS2/R0805,V2.1,spike,manual_047,train,7925ce616931ad52c69a46e94b69e113fc9713d4bb15c5f9163ba0354e4c8b0c
SolDef_AI/Dataset/CS2/R0805/V2.1/WIN_20220330_16_16_02_Pro.jpg#2,SolDef_AI/Dataset/CS2/R0805/V2.1/WIN_20220330_16_16_02_Pro.jpg,2,right,CS2,R0805,CS2/R0805,V2.1,excess,manual_047,train,7925ce616931ad52c69a46e94b69e113fc9713d4bb15c5f9163ba0354e4c8b0c
SolDef_AI/Dataset/CS2/R0805/V2.1/WIN_20220330_16_16_16_Pro.jpg#1,SolDef_AI/Dataset/CS2/R0805/V2.1/WIN_20220330_16_16_16_Pro.jpg,1,left,CS2,R0805,CS2/R0805,V2.1,spike,manual_048,test,7925ce616931ad52c69a46e94b69e113fc9713d4bb15c5f9163ba0354e4c8b0c
SolDef_AI/Dataset/CS2/R0805/V2.1/WIN_20220330_16_16_16_Pro.jpg#2,SolDef_AI/Dataset/CS2/R0805/V2.1/WIN_20220330_16_16_16_Pro.jpg,2,right,CS2,R0805,CS2/R0805,V2.1,spike,manual_048,test,7925ce616931ad52c69a46e94b69e113fc9713d4bb15c5f9163ba0354e4c8b0c
SolDef_AI/Dataset/CS2/R0805/V2.1/WIN_20220330_16_16_29_Pro.jpg#1,SolDef_AI/Dataset/CS2/R0805/V2.1/WIN_20220330_16_16_29_Pro.jpg,1,left,CS2,R0805,CS2/R0805,V2.1,spike,manual_049,train,7925ce616931ad52c69a46e94b69e113fc9713d4bb15c5f9163ba0354e4c8b0c
SolDef_AI/Dataset/CS2/R0805/V2.1/WIN_20220330_16_16_29_Pro.jpg#2,SolDef_AI/Dataset/CS2/R0805/V2.1/WIN_20220330_16_16_29_Pro.jpg,2,right,CS2,R0805,CS2/R0805,V2.1,excess,manual_049,train,7925ce616931ad52c69a46e94b69e113fc9713d4bb15c5f9163ba0354e4c8b0c
SolDef_AI/Dataset/CS2/R0805/V2.1/WIN_20220330_16_17_18_Pro.jpg#1,SolDef_AI/Dataset/CS2/R0805/V2.1/WIN_20220330_16_17_18_Pro.jpg,1,left,CS2,R0805,CS2/R0805,V2.1,spike,manual_050,train,7925ce616931ad52c69a46e94b69e113fc9713d4bb15c5f9163ba0354e4c8b0c
SolDef_AI/Dataset/CS2/R0805/V2.1/WIN_20220330_16_17_18_Pro.jpg#2,SolDef_AI/Dataset/CS2/R0805/V2.1/WIN_20220330_16_17_18_Pro.jpg,2,right,CS2,R0805,CS2/R0805,V2.1,spike,manual_050,train,7925ce616931ad52c69a46e94b69e113fc9713d4bb15c5f9163ba0354e4c8b0c
SolDef_AI/Dataset/CS2/R0805/V2.1/WIN_20220330_16_17_47_Pro.jpg#1,SolDef_AI/Dataset/CS2/R0805/V2.1/WIN_20220330_16_17_47_Pro.jpg,1,left,CS2,R0805,CS2/R0805,V2.1,spike,manual_051,train,7925ce616931ad52c69a46e94b69e113fc9713d4bb15c5f9163ba0354e4c8b0c
SolDef_AI/Dataset/CS2/R0805/V2.1/WIN_20220330_16_17_47_Pro.jpg#2,SolDef_AI/Dataset/CS2/R0805/V2.1/WIN_20220330_16_17_47_Pro.jpg,2,right,CS2,R0805,CS2/R0805,V2.1,excess,manual_051,train,7925ce616931ad52c69a46e94b69e113fc9713d4bb15c5f9163ba0354e4c8b0c
SolDef_AI/Dataset/CS2/R0805/V2.1/WIN_20220330_16_17_58_Pro.jpg#1,SolDef_AI/Dataset/CS2/R0805/V2.1/WIN_20220330_16_17_58_Pro.jpg,1,left,CS2,R0805,CS2/R0805,V2.1,spike,manual_052,train,7925ce616931ad52c69a46e94b69e113fc9713d4bb15c5f9163ba0354e4c8b0c
SolDef_AI/Dataset/CS2/R0805/V2.1/WIN_20220330_16_17_58_Pro.jpg#2,SolDef_AI/Dataset/CS2/R0805/V2.1/WIN_20220330_16_17_58_Pro.jpg,2,right,CS2,R0805,CS2/R0805,V2.1,excess,manual_052,train,7925ce616931ad52c69a46e94b69e113fc9713d4bb15c5f9163ba0354e4c8b0c
SolDef_AI/Dataset/CS2/R0805/V2.1/WIN_20220330_16_18_10_Pro.jpg#1,SolDef_AI/Dataset/CS2/R0805/V2.1/WIN_20220330_16_18_10_Pro.jpg,1,left,CS2,R0805,CS2/R0805,V2.1,spike,manual_053,train,7925ce616931ad52c69a46e94b69e113fc9713d4bb15c5f9163ba0354e4c8b0c
SolDef_AI/Dataset/CS2/R0805/V2.1/WIN_20220330_16_18_10_Pro.jpg#2,SolDef_AI/Dataset/CS2/R0805/V2.1/WIN_20220330_16_18_10_Pro.jpg,2,right,CS2,R0805,CS2/R0805,V2.1,excess,manual_053,train,7925ce616931ad52c69a46e94b69e113fc9713d4bb15c5f9163ba0354e4c8b0c
SolDef_AI/Dataset/CS2/R0805/V2.1/WIN_20220330_16_18_24_Pro.jpg#1,SolDef_AI/Dataset/CS2/R0805/V2.1/WIN_20220330_16_18_24_Pro.jpg,1,left,CS2,R0805,CS2/R0805,V2.1,insufficient,manual_054,val,7925ce616931ad52c69a46e94b69e113fc9713d4bb15c5f9163ba0354e4c8b0c
SolDef_AI/Dataset/CS2/R0805/V2.1/WIN_20220330_16_18_24_Pro.jpg#2,SolDef_AI/Dataset/CS2/R0805/V2.1/WIN_20220330_16_18_24_Pro.jpg,2,right,CS2,R0805,CS2/R0805,V2.1,insufficient,manual_054,val,7925ce616931ad52c69a46e94b69e113fc9713d4bb15c5f9163ba0354e4c8b0c
SolDef_AI/Dataset/CS2/R0805/V2.1/WIN_20220330_16_18_41_Pro.jpg#1,SolDef_AI/Dataset/CS2/R0805/V2.1/WIN_20220330_16_18_41_Pro.jpg,1,left,CS2,R0805,CS2/R0805,V2.1,spike,manual_055,test,7925ce616931ad52c69a46e94b69e113fc9713d4bb15c5f9163ba0354e4c8b0c
SolDef_AI/Dataset/CS2/R0805/V2.1/WIN_20220330_16_18_41_Pro.jpg#2,SolDef_AI/Dataset/CS2/R0805/V2.1/WIN_20220330_16_18_41_Pro.jpg,2,right,CS2,R0805,CS2/R0805,V2.1,excess,manual_055,test,7925ce616931ad52c69a46e94b69e113fc9713d4bb15c5f9163ba0354e4c8b0c
SolDef_AI/Dataset/CS2/R0805/V2.1/WIN_20220330_16_18_53_Pro.jpg#1,SolDef_AI/Dataset/CS2/R0805/V2.1/WIN_20220330_16_18_53_Pro.jpg,1,left,CS2,R0805,CS2/R0805,V2.1,spike,manual_056,train,7925ce616931ad52c69a46e94b69e113fc9713d4bb15c5f9163ba0354e4c8b0c
SolDef_AI/Dataset/CS2/R0805/V2.1/WIN_20220330_16_18_53_Pro.jpg#2,SolDef_AI/Dataset/CS2/R0805/V2.1/WIN_20220330_16_18_53_Pro.jpg,2,right,CS2,R0805,CS2/R0805,V2.1,insufficient,manual_056,train,7925ce616931ad52c69a46e94b69e113fc9713d4bb15c5f9163ba0354e4c8b0c
SolDef_AI/Dataset/CS2/R0805/V2/WIN_20220330_15_56_06_Pro.jpg#1,SolDef_AI/Dataset/CS2/R0805/V2/WIN_20220330_15_56_06_Pro.jpg,1,left,CS2,R0805,CS2/R0805,V2,excess,manual_041,val,7925ce616931ad52c69a46e94b69e113fc9713d4bb15c5f9163ba0354e4c8b0c
SolDef_AI/Dataset/CS2/R0805/V2/WIN_20220330_15_56_06_Pro.jpg#2,SolDef_AI/Dataset/CS2/R0805/V2/WIN_20220330_15_56_06_Pro.jpg,2,right,CS2,R0805,CS2/R0805,V2,spike,manual_041,val,7925ce616931ad52c69a46e94b69e113fc9713d4bb15c5f9163ba0354e4c8b0c
SolDef_AI/Dataset/CS2/R0805/V2/WIN_20220330_15_56_21_Pro.jpg#1,SolDef_AI/Dataset/CS2/R0805/V2/WIN_20220330_15_56_21_Pro.jpg,1,left,CS2,R0805,CS2/R0805,V2,excess,manual_042,train,7925ce616931ad52c69a46e94b69e113fc9713d4bb15c5f9163ba0354e4c8b0c
SolDef_AI/Dataset/CS2/R0805/V2/WIN_20220330_15_56_21_Pro.jpg#2,SolDef_AI/Dataset/CS2/R0805/V2/WIN_20220330_15_56_21_Pro.jpg,2,right,CS2,R0805,CS2/R0805,V2,spike,manual_042,train,7925ce616931ad52c69a46e94b69e113fc9713d4bb15c5f9163ba0354e4c8b0c
SolDef_AI/Dataset/CS2/R0805/V2/WIN_20220330_16_01_25_Pro.jpg#1,SolDef_AI/Dataset/CS2/R0805/V2/WIN_20220330_16_01_25_Pro.jpg,1,left,CS2,R0805,CS2/R0805,V2,spike,manual_043,train,7925ce616931ad52c69a46e94b69e113fc9713d4bb15c5f9163ba0354e4c8b0c
SolDef_AI/Dataset/CS2/R0805/V2/WIN_20220330_16_01_25_Pro.jpg#2,SolDef_AI/Dataset/CS2/R0805/V2/WIN_20220330_16_01_25_Pro.jpg,2,right,CS2,R0805,CS2/R0805,V2,spike,manual_043,train,7925ce616931ad52c69a46e94b69e113fc9713d4bb15c5f9163ba0354e4c8b0c
SolDef_AI/Dataset/CS2/R0805/V2/WIN_20220330_16_01_50_Pro.jpg#1,SolDef_AI/Dataset/CS2/R0805/V2/WIN_20220330_16_01_50_Pro.jpg,1,left,CS2,R0805,CS2/R0805,V2,excess,manual_044,train,7925ce616931ad52c69a46e94b69e113fc9713d4bb15c5f9163ba0354e4c8b0c
SolDef_AI/Dataset/CS2/R0805/V2/WIN_20220330_16_01_50_Pro.jpg#2,SolDef_AI/Dataset/CS2/R0805/V2/WIN_20220330_16_01_50_Pro.jpg,2,right,CS2,R0805,CS2/R0805,V2,insufficient,manual_044,train,7925ce616931ad52c69a46e94b69e113fc9713d4bb15c5f9163ba0354e4c8b0c
SolDef_AI/Dataset/CS2/R0805/V2/WIN_20220330_16_02_04_Pro.jpg#1,SolDef_AI/Dataset/CS2/R0805/V2/WIN_20220330_16_02_04_Pro.jpg,1,left,CS2,R0805,CS2/R0805,V2,spike,manual_045,train,7925ce616931ad52c69a46e94b69e113fc9713d4bb15c5f9163ba0354e4c8b0c
SolDef_AI/Dataset/CS2/R0805/V2/WIN_20220330_16_02_04_Pro.jpg#2,SolDef_AI/Dataset/CS2/R0805/V2/WIN_20220330_16_02_04_Pro.jpg,2,right,CS2,R0805,CS2/R0805,V2,spike,manual_045,train,7925ce616931ad52c69a46e94b69e113fc9713d4bb15c5f9163ba0354e4c8b0c
SolDef_AI/Dataset/CS2/R0805/V2/WIN_20220330_16_02_29_Pro.jpg#1,SolDef_AI/Dataset/CS2/R0805/V2/WIN_20220330_16_02_29_Pro.jpg,1,left,CS2,R0805,CS2/R0805,V2,excess,manual_046,train,7925ce616931ad52c69a46e94b69e113fc9713d4bb15c5f9163ba0354e4c8b0c
SolDef_AI/Dataset/CS2/R0805/V2/WIN_20220330_16_02_29_Pro.jpg#2,SolDef_AI/Dataset/CS2/R0805/V2/WIN_20220330_16_02_29_Pro.jpg,2,right,CS2,R0805,CS2/R0805,V2,spike,manual_046,train,7925ce616931ad52c69a46e94b69e113fc9713d4bb15c5f9163ba0354e4c8b0c
SolDef_AI/Dataset/CS2/R0805/V2/WIN_20220330_16_02_46_Pro.jpg#1,SolDef_AI/Dataset/CS2/R0805/V2/WIN_20220330_16_02_46_Pro.jpg,1,left,CS2,R0805,CS2/R0805,V2,excess,manual_047,train,7925ce616931ad52c69a46e94b69e113fc9713d4bb15c5f9163ba0354e4c8b0c
SolDef_AI/Dataset/CS2/R0805/V2/WIN_20220330_16_02_46_Pro.jpg#2,SolDef_AI/Dataset/CS2/R0805/V2/WIN_20220330_16_02_46_Pro.jpg,2,right,CS2,R0805,CS2/R0805,V2,spike,manual_047,train,7925ce616931ad52c69a46e94b69e113fc9713d4bb15c5f9163ba0354e4c8b0c
SolDef_AI/Dataset/CS2/R0805/V2/WIN_20220330_16_02_56_Pro.jpg#1,SolDef_AI/Dataset/CS2/R0805/V2/WIN_20220330_16_02_56_Pro.jpg,1,left,CS2,R0805,CS2/R0805,V2,spike,manual_048,test,7925ce616931ad52c69a46e94b69e113fc9713d4bb15c5f9163ba0354e4c8b0c
SolDef_AI/Dataset/CS2/R0805/V2/WIN_20220330_16_02_56_Pro.jpg#2,SolDef_AI/Dataset/CS2/R0805/V2/WIN_20220330_16_02_56_Pro.jpg,2,right,CS2,R0805,CS2/R0805,V2,spike,manual_048,test,7925ce616931ad52c69a46e94b69e113fc9713d4bb15c5f9163ba0354e4c8b0c
SolDef_AI/Dataset/CS2/R0805/V2/WIN_20220330_16_03_53_Pro.jpg#1,SolDef_AI/Dataset/CS2/R0805/V2/WIN_20220330_16_03_53_Pro.jpg,1,left,CS2,R0805,CS2/R0805,V2,excess,manual_049,train,7925ce616931ad52c69a46e94b69e113fc9713d4bb15c5f9163ba0354e4c8b0c
SolDef_AI/Dataset/CS2/R0805/V2/WIN_20220330_16_03_53_Pro.jpg#2,SolDef_AI/Dataset/CS2/R0805/V2/WIN_20220330_16_03_53_Pro.jpg,2,right,CS2,R0805,CS2/R0805,V2,spike,manual_049,train,7925ce616931ad52c69a46e94b69e113fc9713d4bb15c5f9163ba0354e4c8b0c
SolDef_AI/Dataset/CS2/R0805/V2/WIN_20220330_16_04_06_Pro.jpg#1,SolDef_AI/Dataset/CS2/R0805/V2/WIN_20220330_16_04_06_Pro.jpg,1,left,CS2,R0805,CS2/R0805,V2,spike,manual_050,train,7925ce616931ad52c69a46e94b69e113fc9713d4bb15c5f9163ba0354e4c8b0c
SolDef_AI/Dataset/CS2/R0805/V2/WIN_20220330_16_04_06_Pro.jpg#2,SolDef_AI/Dataset/CS2/R0805/V2/WIN_20220330_16_04_06_Pro.jpg,2,right,CS2,R0805,CS2/R0805,V2,spike,manual_050,train,7925ce616931ad52c69a46e94b69e113fc9713d4bb15c5f9163ba0354e4c8b0c
SolDef_AI/Dataset/CS2/R0805/V2/WIN_20220330_16_04_28_Pro.jpg#1,SolDef_AI/Dataset/CS2/R0805/V2/WIN_20220330_16_04_28_Pro.jpg,1,left,CS2,R0805,CS2/R0805,V2,excess,manual_051,train,7925ce616931ad52c69a46e94b69e113fc9713d4bb15c5f9163ba0354e4c8b0c
SolDef_AI/Dataset/CS2/R0805/V2/WIN_20220330_16_04_28_Pro.jpg#2,SolDef_AI/Dataset/CS2/R0805/V2/WIN_20220330_16_04_28_Pro.jpg,2,right,CS2,R0805,CS2/R0805,V2,spike,manual_051,train,7925ce616931ad52c69a46e94b69e113fc9713d4bb15c5f9163ba0354e4c8b0c
SolDef_AI/Dataset/CS2/R0805/V2/WIN_20220330_16_04_39_Pro.jpg#1,SolDef_AI/Dataset/CS2/R0805/V2/WIN_20220330_16_04_39_Pro.jpg,1,left,CS2,R0805,CS2/R0805,V2,excess,manual_052,train,7925ce616931ad52c69a46e94b69e113fc9713d4bb15c5f9163ba0354e4c8b0c
SolDef_AI/Dataset/CS2/R0805/V2/WIN_20220330_16_04_39_Pro.jpg#2,SolDef_AI/Dataset/CS2/R0805/V2/WIN_20220330_16_04_39_Pro.jpg,2,right,CS2,R0805,CS2/R0805,V2,spike,manual_052,train,7925ce616931ad52c69a46e94b69e113fc9713d4bb15c5f9163ba0354e4c8b0c
SolDef_AI/Dataset/CS2/R0805/V2/WIN_20220330_16_04_53_Pro.jpg#1,SolDef_AI/Dataset/CS2/R0805/V2/WIN_20220330_16_04_53_Pro.jpg,1,left,CS2,R0805,CS2/R0805,V2,normal,manual_053,train,7925ce616931ad52c69a46e94b69e113fc9713d4bb15c5f9163ba0354e4c8b0c
SolDef_AI/Dataset/CS2/R0805/V2/WIN_20220330_16_04_53_Pro.jpg#2,SolDef_AI/Dataset/CS2/R0805/V2/WIN_20220330_16_04_53_Pro.jpg,2,right,CS2,R0805,CS2/R0805,V2,spike,manual_053,train,7925ce616931ad52c69a46e94b69e113fc9713d4bb15c5f9163ba0354e4c8b0c
SolDef_AI/Dataset/CS2/R0805/V2/WIN_20220330_16_05_02_Pro.jpg#1,SolDef_AI/Dataset/CS2/R0805/V2/WIN_20220330_16_05_02_Pro.jpg,1,left,CS2,R0805,CS2/R0805,V2,excess,manual_054,val,7925ce616931ad52c69a46e94b69e113fc9713d4bb15c5f9163ba0354e4c8b0c
SolDef_AI/Dataset/CS2/R0805/V2/WIN_20220330_16_05_02_Pro.jpg#2,SolDef_AI/Dataset/CS2/R0805/V2/WIN_20220330_16_05_02_Pro.jpg,2,right,CS2,R0805,CS2/R0805,V2,spike,manual_054,val,7925ce616931ad52c69a46e94b69e113fc9713d4bb15c5f9163ba0354e4c8b0c
SolDef_AI/Dataset/CS2/R0805/V2/WIN_20220330_16_05_11_Pro.jpg#1,SolDef_AI/Dataset/CS2/R0805/V2/WIN_20220330_16_05_11_Pro.jpg,1,left,CS2,R0805,CS2/R0805,V2,normal,manual_055,test,7925ce616931ad52c69a46e94b69e113fc9713d4bb15c5f9163ba0354e4c8b0c
SolDef_AI/Dataset/CS2/R0805/V2/WIN_20220330_16_05_11_Pro.jpg#2,SolDef_AI/Dataset/CS2/R0805/V2/WIN_20220330_16_05_11_Pro.jpg,2,right,CS2,R0805,CS2/R0805,V2,spike,manual_055,test,7925ce616931ad52c69a46e94b69e113fc9713d4bb15c5f9163ba0354e4c8b0c
SolDef_AI/Dataset/CS2/R0805/V2/WIN_20220330_16_05_22_Pro.jpg#1,SolDef_AI/Dataset/CS2/R0805/V2/WIN_20220330_16_05_22_Pro.jpg,1,left,CS2,R0805,CS2/R0805,V2,spike,manual_056,train,7925ce616931ad52c69a46e94b69e113fc9713d4bb15c5f9163ba0354e4c8b0c
SolDef_AI/Dataset/CS2/R0805/V2/WIN_20220330_16_05_22_Pro.jpg#2,SolDef_AI/Dataset/CS2/R0805/V2/WIN_20220330_16_05_22_Pro.jpg,2,right,CS2,R0805,CS2/R0805,V2,spike,manual_056,train,7925ce616931ad52c69a46e94b69e113fc9713d4bb15c5f9163ba0354e4c8b0c
SolDef_AI/Dataset/CS2/R0805/V2/WIN_20220330_16_05_34_Pro.jpg#1,SolDef_AI/Dataset/CS2/R0805/V2/WIN_20220330_16_05_34_Pro.jpg,1,left,CS2,R0805,CS2/R0805,V2,spike,manual_057,train,7925ce616931ad52c69a46e94b69e113fc9713d4bb15c5f9163ba0354e4c8b0c
SolDef_AI/Dataset/CS2/R0805/V2/WIN_20220330_16_05_34_Pro.jpg#2,SolDef_AI/Dataset/CS2/R0805/V2/WIN_20220330_16_05_34_Pro.jpg,2,right,CS2,R0805,CS2/R0805,V2,spike,manual_057,train,7925ce616931ad52c69a46e94b69e113fc9713d4bb15c5f9163ba0354e4c8b0c
SolDef_AI/Dataset/CS2/R0805/V2/WIN_20220330_16_05_47_Pro.jpg#1,SolDef_AI/Dataset/CS2/R0805/V2/WIN_20220330_16_05_47_Pro.jpg,1,left,CS2,R0805,CS2/R0805,V2,excess,manual_058,train,7925ce616931ad52c69a46e94b69e113fc9713d4bb15c5f9163ba0354e4c8b0c
SolDef_AI/Dataset/CS2/R0805/V2/WIN_20220330_16_05_47_Pro.jpg#2,SolDef_AI/Dataset/CS2/R0805/V2/WIN_20220330_16_05_47_Pro.jpg,2,right,CS2,R0805,CS2/R0805,V2,spike,manual_058,train,7925ce616931ad52c69a46e94b69e113fc9713d4bb15c5f9163ba0354e4c8b0c
SolDef_AI/Dataset/CS2/R0805/V2/WIN_20220330_16_06_05_Pro.jpg#1,SolDef_AI/Dataset/CS2/R0805/V2/WIN_20220330_16_06_05_Pro.jpg,1,left,CS2,R0805,CS2/R0805,V2,normal,manual_059,train,7925ce616931ad52c69a46e94b69e113fc9713d4bb15c5f9163ba0354e4c8b0c
SolDef_AI/Dataset/CS2/R0805/V2/WIN_20220330_16_06_05_Pro.jpg#2,SolDef_AI/Dataset/CS2/R0805/V2/WIN_20220330_16_06_05_Pro.jpg,2,right,CS2,R0805,CS2/R0805,V2,spike,manual_059,train,7925ce616931ad52c69a46e94b69e113fc9713d4bb15c5f9163ba0354e4c8b0c
SolDef_AI/Dataset/CS2/R0805/V2/WIN_20220330_16_06_21_Pro.jpg#1,SolDef_AI/Dataset/CS2/R0805/V2/WIN_20220330_16_06_21_Pro.jpg,1,left,CS2,R0805,CS2/R0805,V2,excess,manual_060,train,7925ce616931ad52c69a46e94b69e113fc9713d4bb15c5f9163ba0354e4c8b0c
SolDef_AI/Dataset/CS2/R0805/V2/WIN_20220330_16_06_21_Pro.jpg#2,SolDef_AI/Dataset/CS2/R0805/V2/WIN_20220330_16_06_21_Pro.jpg,2,right,CS2,R0805,CS2/R0805,V2,spike,manual_060,train,7925ce616931ad52c69a46e94b69e113fc9713d4bb15c5f9163ba0354e4c8b0c
SolDef_AI/Dataset/CS2/R1206/V2/WIN_20220330_16_10_14_Pro.jpg#1,SolDef_AI/Dataset/CS2/R1206/V2/WIN_20220330_16_10_14_Pro.jpg,1,left,CS2,R1206,CS2/R1206,V2,normal,manual_061,test,7925ce616931ad52c69a46e94b69e113fc9713d4bb15c5f9163ba0354e4c8b0c
SolDef_AI/Dataset/CS2/R1206/V2/WIN_20220330_16_10_14_Pro.jpg#2,SolDef_AI/Dataset/CS2/R1206/V2/WIN_20220330_16_10_14_Pro.jpg,2,right,CS2,R1206,CS2/R1206,V2,spike,manual_061,test,7925ce616931ad52c69a46e94b69e113fc9713d4bb15c5f9163ba0354e4c8b0c
SolDef_AI/Dataset/CS2/R1206/V2/WIN_20220330_16_10_23_Pro.jpg#1,SolDef_AI/Dataset/CS2/R1206/V2/WIN_20220330_16_10_23_Pro.jpg,1,left,CS2,R1206,CS2/R1206,V2,normal,manual_062,val,7925ce616931ad52c69a46e94b69e113fc9713d4bb15c5f9163ba0354e4c8b0c
SolDef_AI/Dataset/CS2/R1206/V2/WIN_20220330_16_10_23_Pro.jpg#2,SolDef_AI/Dataset/CS2/R1206/V2/WIN_20220330_16_10_23_Pro.jpg,2,right,CS2,R1206,CS2/R1206,V2,spike,manual_062,val,7925ce616931ad52c69a46e94b69e113fc9713d4bb15c5f9163ba0354e4c8b0c
SolDef_AI/Dataset/CS2/R1206/V2/WIN_20220330_16_10_38_Pro.jpg#1,SolDef_AI/Dataset/CS2/R1206/V2/WIN_20220330_16_10_38_Pro.jpg,1,left,CS2,R1206,CS2/R1206,V2,normal,manual_063,train,7925ce616931ad52c69a46e94b69e113fc9713d4bb15c5f9163ba0354e4c8b0c
SolDef_AI/Dataset/CS2/R1206/V2/WIN_20220330_16_10_38_Pro.jpg#2,SolDef_AI/Dataset/CS2/R1206/V2/WIN_20220330_16_10_38_Pro.jpg,2,right,CS2,R1206,CS2/R1206,V2,spike,manual_063,train,7925ce616931ad52c69a46e94b69e113fc9713d4bb15c5f9163ba0354e4c8b0c
SolDef_AI/Dataset/CS2/R1206/V2/WIN_20220330_16_10_53_Pro.jpg#1,SolDef_AI/Dataset/CS2/R1206/V2/WIN_20220330_16_10_53_Pro.jpg,1,left,CS2,R1206,CS2/R1206,V2,normal,manual_064,train,7925ce616931ad52c69a46e94b69e113fc9713d4bb15c5f9163ba0354e4c8b0c
SolDef_AI/Dataset/CS2/R1206/V2/WIN_20220330_16_10_53_Pro.jpg#2,SolDef_AI/Dataset/CS2/R1206/V2/WIN_20220330_16_10_53_Pro.jpg,2,right,CS2,R1206,CS2/R1206,V2,spike,manual_064,train,7925ce616931ad52c69a46e94b69e113fc9713d4bb15c5f9163ba0354e4c8b0c
SolDef_AI/Dataset/CS2/R1206/V2/WIN_20220330_16_11_07_Pro.jpg#1,SolDef_AI/Dataset/CS2/R1206/V2/WIN_20220330_16_11_07_Pro.jpg,1,left,CS2,R1206,CS2/R1206,V2,normal,manual_065,train,7925ce616931ad52c69a46e94b69e113fc9713d4bb15c5f9163ba0354e4c8b0c
SolDef_AI/Dataset/CS2/R1206/V2/WIN_20220330_16_11_07_Pro.jpg#2,SolDef_AI/Dataset/CS2/R1206/V2/WIN_20220330_16_11_07_Pro.jpg,2,right,CS2,R1206,CS2/R1206,V2,spike,manual_065,train,7925ce616931ad52c69a46e94b69e113fc9713d4bb15c5f9163ba0354e4c8b0c
SolDef_AI/Dataset/CS2/R1206/V2/WIN_20220330_16_11_37_Pro.jpg#1,SolDef_AI/Dataset/CS2/R1206/V2/WIN_20220330_16_11_37_Pro.jpg,1,left,CS2,R1206,CS2/R1206,V2,excess,manual_066,val,7925ce616931ad52c69a46e94b69e113fc9713d4bb15c5f9163ba0354e4c8b0c
SolDef_AI/Dataset/CS2/R1206/V2/WIN_20220330_16_11_37_Pro.jpg#2,SolDef_AI/Dataset/CS2/R1206/V2/WIN_20220330_16_11_37_Pro.jpg,2,right,CS2,R1206,CS2/R1206,V2,spike,manual_066,val,7925ce616931ad52c69a46e94b69e113fc9713d4bb15c5f9163ba0354e4c8b0c
SolDef_AI/Dataset/CS2/R1206/V2/WIN_20220330_16_11_49_Pro.jpg#1,SolDef_AI/Dataset/CS2/R1206/V2/WIN_20220330_16_11_49_Pro.jpg,1,left,CS2,R1206,CS2/R1206,V2,normal,manual_067,train,7925ce616931ad52c69a46e94b69e113fc9713d4bb15c5f9163ba0354e4c8b0c
SolDef_AI/Dataset/CS2/R1206/V2/WIN_20220330_16_11_49_Pro.jpg#2,SolDef_AI/Dataset/CS2/R1206/V2/WIN_20220330_16_11_49_Pro.jpg,2,right,CS2,R1206,CS2/R1206,V2,normal,manual_067,train,7925ce616931ad52c69a46e94b69e113fc9713d4bb15c5f9163ba0354e4c8b0c
SolDef_AI/Dataset/CS2/R1206/V2/WIN_20220330_16_12_00_Pro.jpg#1,SolDef_AI/Dataset/CS2/R1206/V2/WIN_20220330_16_12_00_Pro.jpg,1,left,CS2,R1206,CS2/R1206,V2,normal,manual_068,val,7925ce616931ad52c69a46e94b69e113fc9713d4bb15c5f9163ba0354e4c8b0c
SolDef_AI/Dataset/CS2/R1206/V2/WIN_20220330_16_12_00_Pro.jpg#2,SolDef_AI/Dataset/CS2/R1206/V2/WIN_20220330_16_12_00_Pro.jpg,2,right,CS2,R1206,CS2/R1206,V2,spike,manual_068,val,7925ce616931ad52c69a46e94b69e113fc9713d4bb15c5f9163ba0354e4c8b0c
SolDef_AI/Dataset/CS2/R1206/V2/WIN_20220330_16_12_11_Pro.jpg#1,SolDef_AI/Dataset/CS2/R1206/V2/WIN_20220330_16_12_11_Pro.jpg,1,left,CS2,R1206,CS2/R1206,V2,excess,manual_069,val,7925ce616931ad52c69a46e94b69e113fc9713d4bb15c5f9163ba0354e4c8b0c
SolDef_AI/Dataset/CS2/R1206/V2/WIN_20220330_16_12_11_Pro.jpg#2,SolDef_AI/Dataset/CS2/R1206/V2/WIN_20220330_16_12_11_Pro.jpg,2,right,CS2,R1206,CS2/R1206,V2,spike,manual_069,val,7925ce616931ad52c69a46e94b69e113fc9713d4bb15c5f9163ba0354e4c8b0c
SolDef_AI/Dataset/CS2/R1206/V2/WIN_20220330_16_12_31_Pro.jpg#1,SolDef_AI/Dataset/CS2/R1206/V2/WIN_20220330_16_12_31_Pro.jpg,1,left,CS2,R1206,CS2/R1206,V2,excess,manual_070,val,7925ce616931ad52c69a46e94b69e113fc9713d4bb15c5f9163ba0354e4c8b0c
SolDef_AI/Dataset/CS2/R1206/V2/WIN_20220330_16_12_31_Pro.jpg#2,SolDef_AI/Dataset/CS2/R1206/V2/WIN_20220330_16_12_31_Pro.jpg,2,right,CS2,R1206,CS2/R1206,V2,excess,manual_070,val,7925ce616931ad52c69a46e94b69e113fc9713d4bb15c5f9163ba0354e4c8b0c
SolDef_AI/Dataset/CS6/C0805/V2.1/WIN_20220408_13_43_00_Pro.jpg#1,SolDef_AI/Dataset/CS6/C0805/V2.1/WIN_20220408_13_43_00_Pro.jpg,1,left,CS6,C0805,CS6/C0805,V2.1,excess,manual_071,val,7925ce616931ad52c69a46e94b69e113fc9713d4bb15c5f9163ba0354e4c8b0c
SolDef_AI/Dataset/CS6/C0805/V2.1/WIN_20220408_13_43_00_Pro.jpg#2,SolDef_AI/Dataset/CS6/C0805/V2.1/WIN_20220408_13_43_00_Pro.jpg,2,right,CS6,C0805,CS6/C0805,V2.1,excess,manual_071,val,7925ce616931ad52c69a46e94b69e113fc9713d4bb15c5f9163ba0354e4c8b0c
SolDef_AI/Dataset/CS6/C0805/V2.1/WIN_20220408_13_43_17_Pro.jpg#1,SolDef_AI/Dataset/CS6/C0805/V2.1/WIN_20220408_13_43_17_Pro.jpg,1,left,CS6,C0805,CS6/C0805,V2.1,excess,manual_072,train,7925ce616931ad52c69a46e94b69e113fc9713d4bb15c5f9163ba0354e4c8b0c
SolDef_AI/Dataset/CS6/C0805/V2.1/WIN_20220408_13_43_17_Pro.jpg#2,SolDef_AI/Dataset/CS6/C0805/V2.1/WIN_20220408_13_43_17_Pro.jpg,2,right,CS6,C0805,CS6/C0805,V2.1,spike,manual_072,train,7925ce616931ad52c69a46e94b69e113fc9713d4bb15c5f9163ba0354e4c8b0c
SolDef_AI/Dataset/CS6/C0805/V2.1/WIN_20220408_13_43_34_Pro.jpg#1,SolDef_AI/Dataset/CS6/C0805/V2.1/WIN_20220408_13_43_34_Pro.jpg,1,left,CS6,C0805,CS6/C0805,V2.1,excess,manual_073,test,7925ce616931ad52c69a46e94b69e113fc9713d4bb15c5f9163ba0354e4c8b0c
SolDef_AI/Dataset/CS6/C0805/V2.1/WIN_20220408_13_43_34_Pro.jpg#2,SolDef_AI/Dataset/CS6/C0805/V2.1/WIN_20220408_13_43_34_Pro.jpg,2,right,CS6,C0805,CS6/C0805,V2.1,insufficient,manual_073,test,7925ce616931ad52c69a46e94b69e113fc9713d4bb15c5f9163ba0354e4c8b0c
SolDef_AI/Dataset/CS6/C0805/V2.1/WIN_20220408_13_44_48_Pro_C10.jpg#1,SolDef_AI/Dataset/CS6/C0805/V2.1/WIN_20220408_13_44_48_Pro_C10.jpg,1,left,CS6,C0805,CS6/C0805,V2.1,excess,manual_074,test,7925ce616931ad52c69a46e94b69e113fc9713d4bb15c5f9163ba0354e4c8b0c
SolDef_AI/Dataset/CS6/C0805/V2.1/WIN_20220408_13_44_48_Pro_C10.jpg#2,SolDef_AI/Dataset/CS6/C0805/V2.1/WIN_20220408_13_44_48_Pro_C10.jpg,2,right,CS6,C0805,CS6/C0805,V2.1,spike,manual_074,test,7925ce616931ad52c69a46e94b69e113fc9713d4bb15c5f9163ba0354e4c8b0c
SolDef_AI/Dataset/CS6/C0805/V2.1/WIN_20220408_13_46_05_Pro_C12.jpg#1,SolDef_AI/Dataset/CS6/C0805/V2.1/WIN_20220408_13_46_05_Pro_C12.jpg,1,left,CS6,C0805,CS6/C0805,V2.1,excess,manual_075,test,7925ce616931ad52c69a46e94b69e113fc9713d4bb15c5f9163ba0354e4c8b0c
SolDef_AI/Dataset/CS6/C0805/V2.1/WIN_20220408_13_46_05_Pro_C12.jpg#2,SolDef_AI/Dataset/CS6/C0805/V2.1/WIN_20220408_13_46_05_Pro_C12.jpg,2,right,CS6,C0805,CS6/C0805,V2.1,normal,manual_075,test,7925ce616931ad52c69a46e94b69e113fc9713d4bb15c5f9163ba0354e4c8b0c
SolDef_AI/Dataset/CS6/C0805/V2.1/WIN_20220408_13_46_20_Pro_C13.jpg#1,SolDef_AI/Dataset/CS6/C0805/V2.1/WIN_20220408_13_46_20_Pro_C13.jpg,1,left,CS6,C0805,CS6/C0805,V2.1,excess,manual_076,val,7925ce616931ad52c69a46e94b69e113fc9713d4bb15c5f9163ba0354e4c8b0c
SolDef_AI/Dataset/CS6/C0805/V2.1/WIN_20220408_13_46_20_Pro_C13.jpg#2,SolDef_AI/Dataset/CS6/C0805/V2.1/WIN_20220408_13_46_20_Pro_C13.jpg,2,right,CS6,C0805,CS6/C0805,V2.1,spike,manual_076,val,7925ce616931ad52c69a46e94b69e113fc9713d4bb15c5f9163ba0354e4c8b0c
SolDef_AI/Dataset/CS6/C0805/V2.1/WIN_20220408_13_46_35_Pro_C14.jpg#1,SolDef_AI/Dataset/CS6/C0805/V2.1/WIN_20220408_13_46_35_Pro_C14.jpg,1,left,CS6,C0805,CS6/C0805,V2.1,excess,manual_077,train,7925ce616931ad52c69a46e94b69e113fc9713d4bb15c5f9163ba0354e4c8b0c
SolDef_AI/Dataset/CS6/C0805/V2.1/WIN_20220408_13_46_35_Pro_C14.jpg#2,SolDef_AI/Dataset/CS6/C0805/V2.1/WIN_20220408_13_46_35_Pro_C14.jpg,2,right,CS6,C0805,CS6/C0805,V2.1,excess,manual_077,train,7925ce616931ad52c69a46e94b69e113fc9713d4bb15c5f9163ba0354e4c8b0c
SolDef_AI/Dataset/CS6/C0805/V2/WIN_20220408_13_49_16_Pro_C1.jpg#1,SolDef_AI/Dataset/CS6/C0805/V2/WIN_20220408_13_49_16_Pro_C1.jpg,1,left,CS6,C0805,CS6/C0805,V2,spike,manual_078,train,7925ce616931ad52c69a46e94b69e113fc9713d4bb15c5f9163ba0354e4c8b0c
SolDef_AI/Dataset/CS6/C0805/V2/WIN_20220408_13_49_16_Pro_C1.jpg#2,SolDef_AI/Dataset/CS6/C0805/V2/WIN_20220408_13_49_16_Pro_C1.jpg,2,right,CS6,C0805,CS6/C0805,V2,excess,manual_078,train,7925ce616931ad52c69a46e94b69e113fc9713d4bb15c5f9163ba0354e4c8b0c
SolDef_AI/Dataset/CS6/C0805/V2/WIN_20220408_13_49_25_Pro_C2.jpg#1,SolDef_AI/Dataset/CS6/C0805/V2/WIN_20220408_13_49_25_Pro_C2.jpg,1,left,CS6,C0805,CS6/C0805,V2,excess,manual_079,train,7925ce616931ad52c69a46e94b69e113fc9713d4bb15c5f9163ba0354e4c8b0c
SolDef_AI/Dataset/CS6/C0805/V2/WIN_20220408_13_49_25_Pro_C2.jpg#2,SolDef_AI/Dataset/CS6/C0805/V2/WIN_20220408_13_49_25_Pro_C2.jpg,2,right,CS6,C0805,CS6/C0805,V2,excess,manual_079,train,7925ce616931ad52c69a46e94b69e113fc9713d4bb15c5f9163ba0354e4c8b0c
SolDef_AI/Dataset/CS6/C0805/V2/WIN_20220408_13_49_34_Pro_C3.jpg#1,SolDef_AI/Dataset/CS6/C0805/V2/WIN_20220408_13_49_34_Pro_C3.jpg,1,left,CS6,C0805,CS6/C0805,V2,spike,manual_080,train,7925ce616931ad52c69a46e94b69e113fc9713d4bb15c5f9163ba0354e4c8b0c
SolDef_AI/Dataset/CS6/C0805/V2/WIN_20220408_13_49_34_Pro_C3.jpg#2,SolDef_AI/Dataset/CS6/C0805/V2/WIN_20220408_13_49_34_Pro_C3.jpg,2,right,CS6,C0805,CS6/C0805,V2,normal,manual_080,train,7925ce616931ad52c69a46e94b69e113fc9713d4bb15c5f9163ba0354e4c8b0c
SolDef_AI/Dataset/CS6/C0805/V2/WIN_20220408_13_49_43_Pro_C4.jpg#1,SolDef_AI/Dataset/CS6/C0805/V2/WIN_20220408_13_49_43_Pro_C4.jpg,1,left,CS6,C0805,CS6/C0805,V2,excess,manual_081,train,7925ce616931ad52c69a46e94b69e113fc9713d4bb15c5f9163ba0354e4c8b0c
SolDef_AI/Dataset/CS6/C0805/V2/WIN_20220408_13_49_43_Pro_C4.jpg#2,SolDef_AI/Dataset/CS6/C0805/V2/WIN_20220408_13_49_43_Pro_C4.jpg,2,right,CS6,C0805,CS6/C0805,V2,excess,manual_081,train,7925ce616931ad52c69a46e94b69e113fc9713d4bb15c5f9163ba0354e4c8b0c
SolDef_AI/Dataset/CS6/C0805/V2/WIN_20220408_13_49_53_Pro_C5.jpg#1,SolDef_AI/Dataset/CS6/C0805/V2/WIN_20220408_13_49_53_Pro_C5.jpg,1,left,CS6,C0805,CS6/C0805,V2,normal,manual_082,train,7925ce616931ad52c69a46e94b69e113fc9713d4bb15c5f9163ba0354e4c8b0c
SolDef_AI/Dataset/CS6/C0805/V2/WIN_20220408_13_49_53_Pro_C5.jpg#2,SolDef_AI/Dataset/CS6/C0805/V2/WIN_20220408_13_49_53_Pro_C5.jpg,2,right,CS6,C0805,CS6/C0805,V2,excess,manual_082,train,7925ce616931ad52c69a46e94b69e113fc9713d4bb15c5f9163ba0354e4c8b0c
SolDef_AI/Dataset/CS6/C0805/V2/WIN_20220408_13_50_02_Pro_C6.jpg#1,SolDef_AI/Dataset/CS6/C0805/V2/WIN_20220408_13_50_02_Pro_C6.jpg,1,left,CS6,C0805,CS6/C0805,V2,normal,manual_083,train,7925ce616931ad52c69a46e94b69e113fc9713d4bb15c5f9163ba0354e4c8b0c
SolDef_AI/Dataset/CS6/C0805/V2/WIN_20220408_13_50_02_Pro_C6.jpg#2,SolDef_AI/Dataset/CS6/C0805/V2/WIN_20220408_13_50_02_Pro_C6.jpg,2,right,CS6,C0805,CS6/C0805,V2,excess,manual_083,train,7925ce616931ad52c69a46e94b69e113fc9713d4bb15c5f9163ba0354e4c8b0c
SolDef_AI/Dataset/CS6/C0805/V2/WIN_20220408_13_50_13_Pro_C7.jpg#1,SolDef_AI/Dataset/CS6/C0805/V2/WIN_20220408_13_50_13_Pro_C7.jpg,1,left,CS6,C0805,CS6/C0805,V2,spike,manual_071,val,7925ce616931ad52c69a46e94b69e113fc9713d4bb15c5f9163ba0354e4c8b0c
SolDef_AI/Dataset/CS6/C0805/V2/WIN_20220408_13_50_13_Pro_C7.jpg#2,SolDef_AI/Dataset/CS6/C0805/V2/WIN_20220408_13_50_13_Pro_C7.jpg,2,right,CS6,C0805,CS6/C0805,V2,excess,manual_071,val,7925ce616931ad52c69a46e94b69e113fc9713d4bb15c5f9163ba0354e4c8b0c
SolDef_AI/Dataset/CS6/C0805/V2/WIN_20220408_13_50_25_Pro_C8.jpg#1,SolDef_AI/Dataset/CS6/C0805/V2/WIN_20220408_13_50_25_Pro_C8.jpg,1,left,CS6,C0805,CS6/C0805,V2,spike,manual_072,train,7925ce616931ad52c69a46e94b69e113fc9713d4bb15c5f9163ba0354e4c8b0c
SolDef_AI/Dataset/CS6/C0805/V2/WIN_20220408_13_50_25_Pro_C8.jpg#2,SolDef_AI/Dataset/CS6/C0805/V2/WIN_20220408_13_50_25_Pro_C8.jpg,2,right,CS6,C0805,CS6/C0805,V2,excess,manual_072,train,7925ce616931ad52c69a46e94b69e113fc9713d4bb15c5f9163ba0354e4c8b0c
SolDef_AI/Dataset/CS6/C0805/V2/WIN_20220408_13_50_38_Pro_C9.jpg#1,SolDef_AI/Dataset/CS6/C0805/V2/WIN_20220408_13_50_38_Pro_C9.jpg,1,left,CS6,C0805,CS6/C0805,V2,excess,manual_073,test,7925ce616931ad52c69a46e94b69e113fc9713d4bb15c5f9163ba0354e4c8b0c
SolDef_AI/Dataset/CS6/C0805/V2/WIN_20220408_13_50_38_Pro_C9.jpg#2,SolDef_AI/Dataset/CS6/C0805/V2/WIN_20220408_13_50_38_Pro_C9.jpg,2,right,CS6,C0805,CS6/C0805,V2,excess,manual_073,test,7925ce616931ad52c69a46e94b69e113fc9713d4bb15c5f9163ba0354e4c8b0c
SolDef_AI/Dataset/CS6/C0805/V2/WIN_20220408_13_51_02_Pro_C10.jpg#1,SolDef_AI/Dataset/CS6/C0805/V2/WIN_20220408_13_51_02_Pro_C10.jpg,1,left,CS6,C0805,CS6/C0805,V2,spike,manual_074,test,7925ce616931ad52c69a46e94b69e113fc9713d4bb15c5f9163ba0354e4c8b0c
SolDef_AI/Dataset/CS6/C0805/V2/WIN_20220408_13_51_02_Pro_C10.jpg#2,SolDef_AI/Dataset/CS6/C0805/V2/WIN_20220408_13_51_02_Pro_C10.jpg,2,right,CS6,C0805,CS6/C0805,V2,excess,manual_074,test,7925ce616931ad52c69a46e94b69e113fc9713d4bb15c5f9163ba0354e4c8b0c
SolDef_AI/Dataset/CS6/C0805/V2/WIN_20220408_13_51_39_Pro_C11.jpg#1,SolDef_AI/Dataset/CS6/C0805/V2/WIN_20220408_13_51_39_Pro_C11.jpg,1,left,CS6,C0805,CS6/C0805,V2,normal,manual_084,train,7925ce616931ad52c69a46e94b69e113fc9713d4bb15c5f9163ba0354e4c8b0c
SolDef_AI/Dataset/CS6/C0805/V2/WIN_20220408_13_51_39_Pro_C11.jpg#2,SolDef_AI/Dataset/CS6/C0805/V2/WIN_20220408_13_51_39_Pro_C11.jpg,2,right,CS6,C0805,CS6/C0805,V2,excess,manual_084,train,7925ce616931ad52c69a46e94b69e113fc9713d4bb15c5f9163ba0354e4c8b0c
SolDef_AI/Dataset/CS6/C0805/V2/WIN_20220408_13_51_51_Pro_C12.jpg#1,SolDef_AI/Dataset/CS6/C0805/V2/WIN_20220408_13_51_51_Pro_C12.jpg,1,left,CS6,C0805,CS6/C0805,V2,excess,manual_075,test,7925ce616931ad52c69a46e94b69e113fc9713d4bb15c5f9163ba0354e4c8b0c
SolDef_AI/Dataset/CS6/C0805/V2/WIN_20220408_13_51_51_Pro_C12.jpg#2,SolDef_AI/Dataset/CS6/C0805/V2/WIN_20220408_13_51_51_Pro_C12.jpg,2,right,CS6,C0805,CS6/C0805,V2,excess,manual_075,test,7925ce616931ad52c69a46e94b69e113fc9713d4bb15c5f9163ba0354e4c8b0c
SolDef_AI/Dataset/CS6/C0805/V2/WIN_20220408_13_52_04_Pro_C13.jpg#1,SolDef_AI/Dataset/CS6/C0805/V2/WIN_20220408_13_52_04_Pro_C13.jpg,1,left,CS6,C0805,CS6/C0805,V2,spike,manual_076,val,7925ce616931ad52c69a46e94b69e113fc9713d4bb15c5f9163ba0354e4c8b0c
SolDef_AI/Dataset/CS6/C0805/V2/WIN_20220408_13_52_04_Pro_C13.jpg#2,SolDef_AI/Dataset/CS6/C0805/V2/WIN_20220408_13_52_04_Pro_C13.jpg,2,right,CS6,C0805,CS6/C0805,V2,excess,manual_076,val,7925ce616931ad52c69a46e94b69e113fc9713d4bb15c5f9163ba0354e4c8b0c
SolDef_AI/Dataset/CS6/C0805/V2/WIN_20220408_13_52_16_Pro_C14.jpg#1,SolDef_AI/Dataset/CS6/C0805/V2/WIN_20220408_13_52_16_Pro_C14.jpg,1,left,CS6,C0805,CS6/C0805,V2,normal,manual_077,train,7925ce616931ad52c69a46e94b69e113fc9713d4bb15c5f9163ba0354e4c8b0c
SolDef_AI/Dataset/CS6/C0805/V2/WIN_20220408_13_52_16_Pro_C14.jpg#2,SolDef_AI/Dataset/CS6/C0805/V2/WIN_20220408_13_52_16_Pro_C14.jpg,2,right,CS6,C0805,CS6/C0805,V2,excess,manual_077,train,7925ce616931ad52c69a46e94b69e113fc9713d4bb15c5f9163ba0354e4c8b0c
SolDef_AI/Dataset/CS6/R0805/V2.1/WIN_20220408_14_13_28_Pro.jpg#1,SolDef_AI/Dataset/CS6/R0805/V2.1/WIN_20220408_14_13_28_Pro.jpg,1,left,CS6,R0805,CS6/R0805,V2.1,spike,manual_085,test,7925ce616931ad52c69a46e94b69e113fc9713d4bb15c5f9163ba0354e4c8b0c
SolDef_AI/Dataset/CS6/R0805/V2.1/WIN_20220408_14_13_28_Pro.jpg#2,SolDef_AI/Dataset/CS6/R0805/V2.1/WIN_20220408_14_13_28_Pro.jpg,2,right,CS6,R0805,CS6/R0805,V2.1,insufficient,manual_085,test,7925ce616931ad52c69a46e94b69e113fc9713d4bb15c5f9163ba0354e4c8b0c
SolDef_AI/Dataset/CS6/R0805/V2.1/WIN_20220408_14_13_37_Pro.jpg#1,SolDef_AI/Dataset/CS6/R0805/V2.1/WIN_20220408_14_13_37_Pro.jpg,1,left,CS6,R0805,CS6/R0805,V2.1,excess,manual_086,train,7925ce616931ad52c69a46e94b69e113fc9713d4bb15c5f9163ba0354e4c8b0c
SolDef_AI/Dataset/CS6/R0805/V2.1/WIN_20220408_14_13_37_Pro.jpg#2,SolDef_AI/Dataset/CS6/R0805/V2.1/WIN_20220408_14_13_37_Pro.jpg,2,right,CS6,R0805,CS6/R0805,V2.1,spike,manual_086,train,7925ce616931ad52c69a46e94b69e113fc9713d4bb15c5f9163ba0354e4c8b0c
SolDef_AI/Dataset/CS6/R0805/V2.1/WIN_20220408_14_13_49_Pro.jpg#1,SolDef_AI/Dataset/CS6/R0805/V2.1/WIN_20220408_14_13_49_Pro.jpg,1,left,CS6,R0805,CS6/R0805,V2.1,excess,manual_087,train,7925ce616931ad52c69a46e94b69e113fc9713d4bb15c5f9163ba0354e4c8b0c
SolDef_AI/Dataset/CS6/R0805/V2.1/WIN_20220408_14_13_49_Pro.jpg#2,SolDef_AI/Dataset/CS6/R0805/V2.1/WIN_20220408_14_13_49_Pro.jpg,2,right,CS6,R0805,CS6/R0805,V2.1,insufficient,manual_087,train,7925ce616931ad52c69a46e94b69e113fc9713d4bb15c5f9163ba0354e4c8b0c
SolDef_AI/Dataset/CS6/R0805/V2.1/WIN_20220408_14_14_00_Pro.jpg#1,SolDef_AI/Dataset/CS6/R0805/V2.1/WIN_20220408_14_14_00_Pro.jpg,1,left,CS6,R0805,CS6/R0805,V2.1,excess,manual_088,test,7925ce616931ad52c69a46e94b69e113fc9713d4bb15c5f9163ba0354e4c8b0c
SolDef_AI/Dataset/CS6/R0805/V2.1/WIN_20220408_14_14_00_Pro.jpg#2,SolDef_AI/Dataset/CS6/R0805/V2.1/WIN_20220408_14_14_00_Pro.jpg,2,right,CS6,R0805,CS6/R0805,V2.1,spike,manual_088,test,7925ce616931ad52c69a46e94b69e113fc9713d4bb15c5f9163ba0354e4c8b0c
SolDef_AI/Dataset/CS6/R0805/V2.1/WIN_20220408_14_14_11_Pro.jpg#1,SolDef_AI/Dataset/CS6/R0805/V2.1/WIN_20220408_14_14_11_Pro.jpg,1,left,CS6,R0805,CS6/R0805,V2.1,excess,manual_089,val,7925ce616931ad52c69a46e94b69e113fc9713d4bb15c5f9163ba0354e4c8b0c
SolDef_AI/Dataset/CS6/R0805/V2.1/WIN_20220408_14_14_11_Pro.jpg#2,SolDef_AI/Dataset/CS6/R0805/V2.1/WIN_20220408_14_14_11_Pro.jpg,2,right,CS6,R0805,CS6/R0805,V2.1,spike,manual_089,val,7925ce616931ad52c69a46e94b69e113fc9713d4bb15c5f9163ba0354e4c8b0c
SolDef_AI/Dataset/CS6/R0805/V2.1/WIN_20220408_14_14_21_Pro.jpg#1,SolDef_AI/Dataset/CS6/R0805/V2.1/WIN_20220408_14_14_21_Pro.jpg,1,left,CS6,R0805,CS6/R0805,V2.1,normal,manual_090,train,7925ce616931ad52c69a46e94b69e113fc9713d4bb15c5f9163ba0354e4c8b0c
SolDef_AI/Dataset/CS6/R0805/V2.1/WIN_20220408_14_14_21_Pro.jpg#2,SolDef_AI/Dataset/CS6/R0805/V2.1/WIN_20220408_14_14_21_Pro.jpg,2,right,CS6,R0805,CS6/R0805,V2.1,normal,manual_090,train,7925ce616931ad52c69a46e94b69e113fc9713d4bb15c5f9163ba0354e4c8b0c
SolDef_AI/Dataset/CS6/R0805/V2.1/WIN_20220408_14_14_34_Pro.jpg#1,SolDef_AI/Dataset/CS6/R0805/V2.1/WIN_20220408_14_14_34_Pro.jpg,1,left,CS6,R0805,CS6/R0805,V2.1,insufficient,manual_091,train,7925ce616931ad52c69a46e94b69e113fc9713d4bb15c5f9163ba0354e4c8b0c
SolDef_AI/Dataset/CS6/R0805/V2.1/WIN_20220408_14_14_34_Pro.jpg#2,SolDef_AI/Dataset/CS6/R0805/V2.1/WIN_20220408_14_14_34_Pro.jpg,2,right,CS6,R0805,CS6/R0805,V2.1,insufficient,manual_091,train,7925ce616931ad52c69a46e94b69e113fc9713d4bb15c5f9163ba0354e4c8b0c
SolDef_AI/Dataset/CS6/R0805/V2.1/WIN_20220408_14_14_47_Pro.jpg#1,SolDef_AI/Dataset/CS6/R0805/V2.1/WIN_20220408_14_14_47_Pro.jpg,1,left,CS6,R0805,CS6/R0805,V2.1,excess,manual_092,val,7925ce616931ad52c69a46e94b69e113fc9713d4bb15c5f9163ba0354e4c8b0c
SolDef_AI/Dataset/CS6/R0805/V2.1/WIN_20220408_14_14_47_Pro.jpg#2,SolDef_AI/Dataset/CS6/R0805/V2.1/WIN_20220408_14_14_47_Pro.jpg,2,right,CS6,R0805,CS6/R0805,V2.1,normal,manual_092,val,7925ce616931ad52c69a46e94b69e113fc9713d4bb15c5f9163ba0354e4c8b0c
SolDef_AI/Dataset/CS6/R0805/V2.1/WIN_20220408_14_14_57_Pro.jpg#1,SolDef_AI/Dataset/CS6/R0805/V2.1/WIN_20220408_14_14_57_Pro.jpg,1,left,CS6,R0805,CS6/R0805,V2.1,excess,manual_093,test,7925ce616931ad52c69a46e94b69e113fc9713d4bb15c5f9163ba0354e4c8b0c
SolDef_AI/Dataset/CS6/R0805/V2.1/WIN_20220408_14_14_57_Pro.jpg#2,SolDef_AI/Dataset/CS6/R0805/V2.1/WIN_20220408_14_14_57_Pro.jpg,2,right,CS6,R0805,CS6/R0805,V2.1,excess,manual_093,test,7925ce616931ad52c69a46e94b69e113fc9713d4bb15c5f9163ba0354e4c8b0c
SolDef_AI/Dataset/CS6/R0805/V2.1/WIN_20220408_14_15_16_Pro.jpg#1,SolDef_AI/Dataset/CS6/R0805/V2.1/WIN_20220408_14_15_16_Pro.jpg,1,left,CS6,R0805,CS6/R0805,V2.1,spike,manual_094,train,7925ce616931ad52c69a46e94b69e113fc9713d4bb15c5f9163ba0354e4c8b0c
SolDef_AI/Dataset/CS6/R0805/V2.1/WIN_20220408_14_15_16_Pro.jpg#2,SolDef_AI/Dataset/CS6/R0805/V2.1/WIN_20220408_14_15_16_Pro.jpg,2,right,CS6,R0805,CS6/R0805,V2.1,normal,manual_094,train,7925ce616931ad52c69a46e94b69e113fc9713d4bb15c5f9163ba0354e4c8b0c
SolDef_AI/Dataset/CS6/R0805/V2.1/WIN_20220408_14_24_18_Pro.jpg#1,SolDef_AI/Dataset/CS6/R0805/V2.1/WIN_20220408_14_24_18_Pro.jpg,1,left,CS6,R0805,CS6/R0805,V2.1,excess,manual_095,train,7925ce616931ad52c69a46e94b69e113fc9713d4bb15c5f9163ba0354e4c8b0c
SolDef_AI/Dataset/CS6/R0805/V2.1/WIN_20220408_14_24_18_Pro.jpg#2,SolDef_AI/Dataset/CS6/R0805/V2.1/WIN_20220408_14_24_18_Pro.jpg,2,right,CS6,R0805,CS6/R0805,V2.1,excess,manual_095,train,7925ce616931ad52c69a46e94b69e113fc9713d4bb15c5f9163ba0354e4c8b0c
SolDef_AI/Dataset/CS6/R0805/V2.1/WIN_20220408_14_24_30_Pro.jpg#1,SolDef_AI/Dataset/CS6/R0805/V2.1/WIN_20220408_14_24_30_Pro.jpg,1,left,CS6,R0805,CS6/R0805,V2.1,spike,manual_096,test,7925ce616931ad52c69a46e94b69e113fc9713d4bb15c5f9163ba0354e4c8b0c
SolDef_AI/Dataset/CS6/R0805/V2.1/WIN_20220408_14_24_30_Pro.jpg#2,SolDef_AI/Dataset/CS6/R0805/V2.1/WIN_20220408_14_24_30_Pro.jpg,2,right,CS6,R0805,CS6/R0805,V2.1,excess,manual_096,test,7925ce616931ad52c69a46e94b69e113fc9713d4bb15c5f9163ba0354e4c8b0c
SolDef_AI/Dataset/CS6/R0805/V2.1/WIN_20220408_14_24_40_Pro.jpg#1,SolDef_AI/Dataset/CS6/R0805/V2.1/WIN_20220408_14_24_40_Pro.jpg,1,left,CS6,R0805,CS6/R0805,V2.1,spike,manual_097,train,7925ce616931ad52c69a46e94b69e113fc9713d4bb15c5f9163ba0354e4c8b0c
SolDef_AI/Dataset/CS6/R0805/V2.1/WIN_20220408_14_24_40_Pro.jpg#2,SolDef_AI/Dataset/CS6/R0805/V2.1/WIN_20220408_14_24_40_Pro.jpg,2,right,CS6,R0805,CS6/R0805,V2.1,excess,manual_097,train,7925ce616931ad52c69a46e94b69e113fc9713d4bb15c5f9163ba0354e4c8b0c
SolDef_AI/Dataset/CS6/R0805/V2.1/WIN_20220408_14_24_59_Pro.jpg#1,SolDef_AI/Dataset/CS6/R0805/V2.1/WIN_20220408_14_24_59_Pro.jpg,1,left,CS6,R0805,CS6/R0805,V2.1,normal,manual_098,train,7925ce616931ad52c69a46e94b69e113fc9713d4bb15c5f9163ba0354e4c8b0c
SolDef_AI/Dataset/CS6/R0805/V2.1/WIN_20220408_14_24_59_Pro.jpg#2,SolDef_AI/Dataset/CS6/R0805/V2.1/WIN_20220408_14_24_59_Pro.jpg,2,right,CS6,R0805,CS6/R0805,V2.1,excess,manual_098,train,7925ce616931ad52c69a46e94b69e113fc9713d4bb15c5f9163ba0354e4c8b0c
SolDef_AI/Dataset/CS6/R0805/V2.1/WIN_20220408_14_25_22_Pro.jpg#1,SolDef_AI/Dataset/CS6/R0805/V2.1/WIN_20220408_14_25_22_Pro.jpg,1,left,CS6,R0805,CS6/R0805,V2.1,insufficient,manual_099,train,7925ce616931ad52c69a46e94b69e113fc9713d4bb15c5f9163ba0354e4c8b0c
SolDef_AI/Dataset/CS6/R0805/V2.1/WIN_20220408_14_25_22_Pro.jpg#2,SolDef_AI/Dataset/CS6/R0805/V2.1/WIN_20220408_14_25_22_Pro.jpg,2,right,CS6,R0805,CS6/R0805,V2.1,excess,manual_099,train,7925ce616931ad52c69a46e94b69e113fc9713d4bb15c5f9163ba0354e4c8b0c
SolDef_AI/Dataset/CS6/R0805/V2.1/WIN_20220408_14_25_34_Pro.jpg#1,SolDef_AI/Dataset/CS6/R0805/V2.1/WIN_20220408_14_25_34_Pro.jpg,1,left,CS6,R0805,CS6/R0805,V2.1,spike,manual_100,test,7925ce616931ad52c69a46e94b69e113fc9713d4bb15c5f9163ba0354e4c8b0c
SolDef_AI/Dataset/CS6/R0805/V2.1/WIN_20220408_14_25_34_Pro.jpg#2,SolDef_AI/Dataset/CS6/R0805/V2.1/WIN_20220408_14_25_34_Pro.jpg,2,right,CS6,R0805,CS6/R0805,V2.1,excess,manual_100,test,7925ce616931ad52c69a46e94b69e113fc9713d4bb15c5f9163ba0354e4c8b0c
SolDef_AI/Dataset/CS6/R0805/V2.1/WIN_20220408_14_25_56_Pro.jpg#1,SolDef_AI/Dataset/CS6/R0805/V2.1/WIN_20220408_14_25_56_Pro.jpg,1,left,CS6,R0805,CS6/R0805,V2.1,normal,manual_101,train,7925ce616931ad52c69a46e94b69e113fc9713d4bb15c5f9163ba0354e4c8b0c
SolDef_AI/Dataset/CS6/R0805/V2.1/WIN_20220408_14_25_56_Pro.jpg#2,SolDef_AI/Dataset/CS6/R0805/V2.1/WIN_20220408_14_25_56_Pro.jpg,2,right,CS6,R0805,CS6/R0805,V2.1,excess,manual_101,train,7925ce616931ad52c69a46e94b69e113fc9713d4bb15c5f9163ba0354e4c8b0c
SolDef_AI/Dataset/CS6/R0805/V2.1/WIN_20220408_14_26_07_Pro.jpg#1,SolDef_AI/Dataset/CS6/R0805/V2.1/WIN_20220408_14_26_07_Pro.jpg,1,left,CS6,R0805,CS6/R0805,V2.1,normal,manual_102,train,7925ce616931ad52c69a46e94b69e113fc9713d4bb15c5f9163ba0354e4c8b0c
SolDef_AI/Dataset/CS6/R0805/V2.1/WIN_20220408_14_26_07_Pro.jpg#2,SolDef_AI/Dataset/CS6/R0805/V2.1/WIN_20220408_14_26_07_Pro.jpg,2,right,CS6,R0805,CS6/R0805,V2.1,excess,manual_102,train,7925ce616931ad52c69a46e94b69e113fc9713d4bb15c5f9163ba0354e4c8b0c
SolDef_AI/Dataset/CS6/R0805/V2.1/WIN_20220408_14_26_31_Pro.jpg#1,SolDef_AI/Dataset/CS6/R0805/V2.1/WIN_20220408_14_26_31_Pro.jpg,1,left,CS6,R0805,CS6/R0805,V2.1,normal,manual_103,test,7925ce616931ad52c69a46e94b69e113fc9713d4bb15c5f9163ba0354e4c8b0c
SolDef_AI/Dataset/CS6/R0805/V2.1/WIN_20220408_14_26_31_Pro.jpg#2,SolDef_AI/Dataset/CS6/R0805/V2.1/WIN_20220408_14_26_31_Pro.jpg,2,right,CS6,R0805,CS6/R0805,V2.1,excess,manual_103,test,7925ce616931ad52c69a46e94b69e113fc9713d4bb15c5f9163ba0354e4c8b0c
SolDef_AI/Dataset/CS6/R0805/V2.1/WIN_20220408_14_26_45_Pro.jpg#1,SolDef_AI/Dataset/CS6/R0805/V2.1/WIN_20220408_14_26_45_Pro.jpg,1,left,CS6,R0805,CS6/R0805,V2.1,normal,manual_104,test,7925ce616931ad52c69a46e94b69e113fc9713d4bb15c5f9163ba0354e4c8b0c
SolDef_AI/Dataset/CS6/R0805/V2.1/WIN_20220408_14_26_45_Pro.jpg#2,SolDef_AI/Dataset/CS6/R0805/V2.1/WIN_20220408_14_26_45_Pro.jpg,2,right,CS6,R0805,CS6/R0805,V2.1,excess,manual_104,test,7925ce616931ad52c69a46e94b69e113fc9713d4bb15c5f9163ba0354e4c8b0c
SolDef_AI/Dataset/CS6/R0805/V2.1/WIN_20220408_14_27_01_Pro.jpg#1,SolDef_AI/Dataset/CS6/R0805/V2.1/WIN_20220408_14_27_01_Pro.jpg,1,left,CS6,R0805,CS6/R0805,V2.1,normal,manual_105,val,7925ce616931ad52c69a46e94b69e113fc9713d4bb15c5f9163ba0354e4c8b0c
SolDef_AI/Dataset/CS6/R0805/V2.1/WIN_20220408_14_27_01_Pro.jpg#2,SolDef_AI/Dataset/CS6/R0805/V2.1/WIN_20220408_14_27_01_Pro.jpg,2,right,CS6,R0805,CS6/R0805,V2.1,normal,manual_105,val,7925ce616931ad52c69a46e94b69e113fc9713d4bb15c5f9163ba0354e4c8b0c
SolDef_AI/Dataset/CS6/R0805/V2.1/WIN_20220408_14_27_19_Pro.jpg#1,SolDef_AI/Dataset/CS6/R0805/V2.1/WIN_20220408_14_27_19_Pro.jpg,1,left,CS6,R0805,CS6/R0805,V2.1,spike,manual_106,train,7925ce616931ad52c69a46e94b69e113fc9713d4bb15c5f9163ba0354e4c8b0c
SolDef_AI/Dataset/CS6/R0805/V2.1/WIN_20220408_14_27_19_Pro.jpg#2,SolDef_AI/Dataset/CS6/R0805/V2.1/WIN_20220408_14_27_19_Pro.jpg,2,right,CS6,R0805,CS6/R0805,V2.1,excess,manual_106,train,7925ce616931ad52c69a46e94b69e113fc9713d4bb15c5f9163ba0354e4c8b0c
SolDef_AI/Dataset/CS6/R0805/V2.1/WIN_20220408_14_30_59_Pro.jpg#1,SolDef_AI/Dataset/CS6/R0805/V2.1/WIN_20220408_14_30_59_Pro.jpg,1,left,CS6,R0805,CS6/R0805,V2.1,spike,manual_107,val,7925ce616931ad52c69a46e94b69e113fc9713d4bb15c5f9163ba0354e4c8b0c
SolDef_AI/Dataset/CS6/R0805/V2.1/WIN_20220408_14_30_59_Pro.jpg#2,SolDef_AI/Dataset/CS6/R0805/V2.1/WIN_20220408_14_30_59_Pro.jpg,2,right,CS6,R0805,CS6/R0805,V2.1,excess,manual_107,val,7925ce616931ad52c69a46e94b69e113fc9713d4bb15c5f9163ba0354e4c8b0c
SolDef_AI/Dataset/CS6/R0805/V2.1/WIN_20220408_14_31_09_Pro.jpg#1,SolDef_AI/Dataset/CS6/R0805/V2.1/WIN_20220408_14_31_09_Pro.jpg,1,left,CS6,R0805,CS6/R0805,V2.1,excess,manual_108,test,7925ce616931ad52c69a46e94b69e113fc9713d4bb15c5f9163ba0354e4c8b0c
SolDef_AI/Dataset/CS6/R0805/V2.1/WIN_20220408_14_31_09_Pro.jpg#2,SolDef_AI/Dataset/CS6/R0805/V2.1/WIN_20220408_14_31_09_Pro.jpg,2,right,CS6,R0805,CS6/R0805,V2.1,spike,manual_108,test,7925ce616931ad52c69a46e94b69e113fc9713d4bb15c5f9163ba0354e4c8b0c
SolDef_AI/Dataset/CS6/R0805/V2.1/WIN_20220408_14_31_27_Pro.jpg#1,SolDef_AI/Dataset/CS6/R0805/V2.1/WIN_20220408_14_31_27_Pro.jpg,1,left,CS6,R0805,CS6/R0805,V2.1,spike,manual_109,val,7925ce616931ad52c69a46e94b69e113fc9713d4bb15c5f9163ba0354e4c8b0c
SolDef_AI/Dataset/CS6/R0805/V2.1/WIN_20220408_14_31_27_Pro.jpg#2,SolDef_AI/Dataset/CS6/R0805/V2.1/WIN_20220408_14_31_27_Pro.jpg,2,right,CS6,R0805,CS6/R0805,V2.1,excess,manual_109,val,7925ce616931ad52c69a46e94b69e113fc9713d4bb15c5f9163ba0354e4c8b0c
SolDef_AI/Dataset/CS6/R0805/V2.1/WIN_20220408_14_31_36_Pro.jpg#1,SolDef_AI/Dataset/CS6/R0805/V2.1/WIN_20220408_14_31_36_Pro.jpg,1,left,CS6,R0805,CS6/R0805,V2.1,insufficient,manual_110,train,7925ce616931ad52c69a46e94b69e113fc9713d4bb15c5f9163ba0354e4c8b0c
SolDef_AI/Dataset/CS6/R0805/V2.1/WIN_20220408_14_31_36_Pro.jpg#2,SolDef_AI/Dataset/CS6/R0805/V2.1/WIN_20220408_14_31_36_Pro.jpg,2,right,CS6,R0805,CS6/R0805,V2.1,excess,manual_110,train,7925ce616931ad52c69a46e94b69e113fc9713d4bb15c5f9163ba0354e4c8b0c
SolDef_AI/Dataset/CS6/R0805/V2.1/WIN_20220408_14_31_46_Pro.jpg#1,SolDef_AI/Dataset/CS6/R0805/V2.1/WIN_20220408_14_31_46_Pro.jpg,1,left,CS6,R0805,CS6/R0805,V2.1,excess,manual_111,val,7925ce616931ad52c69a46e94b69e113fc9713d4bb15c5f9163ba0354e4c8b0c
SolDef_AI/Dataset/CS6/R0805/V2.1/WIN_20220408_14_31_46_Pro.jpg#2,SolDef_AI/Dataset/CS6/R0805/V2.1/WIN_20220408_14_31_46_Pro.jpg,2,right,CS6,R0805,CS6/R0805,V2.1,excess,manual_111,val,7925ce616931ad52c69a46e94b69e113fc9713d4bb15c5f9163ba0354e4c8b0c
SolDef_AI/Dataset/CS6/R0805/V2.1/WIN_20220408_14_31_58_Pro.jpg#1,SolDef_AI/Dataset/CS6/R0805/V2.1/WIN_20220408_14_31_58_Pro.jpg,1,left,CS6,R0805,CS6/R0805,V2.1,excess,manual_112,test,7925ce616931ad52c69a46e94b69e113fc9713d4bb15c5f9163ba0354e4c8b0c
SolDef_AI/Dataset/CS6/R0805/V2.1/WIN_20220408_14_31_58_Pro.jpg#2,SolDef_AI/Dataset/CS6/R0805/V2.1/WIN_20220408_14_31_58_Pro.jpg,2,right,CS6,R0805,CS6/R0805,V2.1,excess,manual_112,test,7925ce616931ad52c69a46e94b69e113fc9713d4bb15c5f9163ba0354e4c8b0c
SolDef_AI/Dataset/CS6/R0805/V2.1/WIN_20220408_14_32_07_Pro.jpg#1,SolDef_AI/Dataset/CS6/R0805/V2.1/WIN_20220408_14_32_07_Pro.jpg,1,left,CS6,R0805,CS6/R0805,V2.1,insufficient,manual_113,train,7925ce616931ad52c69a46e94b69e113fc9713d4bb15c5f9163ba0354e4c8b0c
SolDef_AI/Dataset/CS6/R0805/V2.1/WIN_20220408_14_32_07_Pro.jpg#2,SolDef_AI/Dataset/CS6/R0805/V2.1/WIN_20220408_14_32_07_Pro.jpg,2,right,CS6,R0805,CS6/R0805,V2.1,excess,manual_113,train,7925ce616931ad52c69a46e94b69e113fc9713d4bb15c5f9163ba0354e4c8b0c
SolDef_AI/Dataset/CS6/R0805/V2.1/WIN_20220408_14_32_15_Pro.jpg#1,SolDef_AI/Dataset/CS6/R0805/V2.1/WIN_20220408_14_32_15_Pro.jpg,1,left,CS6,R0805,CS6/R0805,V2.1,normal,manual_114,train,7925ce616931ad52c69a46e94b69e113fc9713d4bb15c5f9163ba0354e4c8b0c
SolDef_AI/Dataset/CS6/R0805/V2.1/WIN_20220408_14_32_15_Pro.jpg#2,SolDef_AI/Dataset/CS6/R0805/V2.1/WIN_20220408_14_32_15_Pro.jpg,2,right,CS6,R0805,CS6/R0805,V2.1,insufficient,manual_114,train,7925ce616931ad52c69a46e94b69e113fc9713d4bb15c5f9163ba0354e4c8b0c
SolDef_AI/Dataset/CS6/R0805/V2.1/WIN_20220408_14_32_27_Pro.jpg#1,SolDef_AI/Dataset/CS6/R0805/V2.1/WIN_20220408_14_32_27_Pro.jpg,1,left,CS6,R0805,CS6/R0805,V2.1,normal,manual_115,val,7925ce616931ad52c69a46e94b69e113fc9713d4bb15c5f9163ba0354e4c8b0c
SolDef_AI/Dataset/CS6/R0805/V2.1/WIN_20220408_14_32_27_Pro.jpg#2,SolDef_AI/Dataset/CS6/R0805/V2.1/WIN_20220408_14_32_27_Pro.jpg,2,right,CS6,R0805,CS6/R0805,V2.1,excess,manual_115,val,7925ce616931ad52c69a46e94b69e113fc9713d4bb15c5f9163ba0354e4c8b0c
SolDef_AI/Dataset/CS6/R0805/V2.1/WIN_20220408_14_32_54_Pro.jpg#1,SolDef_AI/Dataset/CS6/R0805/V2.1/WIN_20220408_14_32_54_Pro.jpg,1,left,CS6,R0805,CS6/R0805,V2.1,spike,manual_116,val,7925ce616931ad52c69a46e94b69e113fc9713d4bb15c5f9163ba0354e4c8b0c
SolDef_AI/Dataset/CS6/R0805/V2.1/WIN_20220408_14_32_54_Pro.jpg#2,SolDef_AI/Dataset/CS6/R0805/V2.1/WIN_20220408_14_32_54_Pro.jpg,2,right,CS6,R0805,CS6/R0805,V2.1,excess,manual_116,val,7925ce616931ad52c69a46e94b69e113fc9713d4bb15c5f9163ba0354e4c8b0c
SolDef_AI/Dataset/CS6/R0805/V2/WIN_20220408_14_02_58_Pro.jpg#1,SolDef_AI/Dataset/CS6/R0805/V2/WIN_20220408_14_02_58_Pro.jpg,1,left,CS6,R0805,CS6/R0805,V2,excess,manual_117,train,7925ce616931ad52c69a46e94b69e113fc9713d4bb15c5f9163ba0354e4c8b0c
SolDef_AI/Dataset/CS6/R0805/V2/WIN_20220408_14_02_58_Pro.jpg#2,SolDef_AI/Dataset/CS6/R0805/V2/WIN_20220408_14_02_58_Pro.jpg,2,right,CS6,R0805,CS6/R0805,V2,spike,manual_117,train,7925ce616931ad52c69a46e94b69e113fc9713d4bb15c5f9163ba0354e4c8b0c
SolDef_AI/Dataset/CS6/R0805/V2/WIN_20220408_14_03_19_Pro.jpg#1,SolDef_AI/Dataset/CS6/R0805/V2/WIN_20220408_14_03_19_Pro.jpg,1,left,CS6,R0805,CS6/R0805,V2,excess,manual_107,val,7925ce616931ad52c69a46e94b69e113fc9713d4bb15c5f9163ba0354e4c8b0c
SolDef_AI/Dataset/CS6/R0805/V2/WIN_20220408_14_03_19_Pro.jpg#2,SolDef_AI/Dataset/CS6/R0805/V2/WIN_20220408_14_03_19_Pro.jpg,2,right,CS6,R0805,CS6/R0805,V2,spike,manual_107,val,7925ce616931ad52c69a46e94b69e113fc9713d4bb15c5f9163ba0354e4c8b0c
SolDef_AI/Dataset/CS6/R0805/V2/WIN_20220408_14_03_30_Pro.jpg#1,SolDef_AI/Dataset/CS6/R0805/V2/WIN_20220408_14_03_30_Pro.jpg,1,left,CS6,R0805,CS6/R0805,V2,excess,manual_095,train,7925ce616931ad52c69a46e94b69e113fc9713d4bb15c5f9163ba0354e4c8b0c
SolDef_AI/Dataset/CS6/R0805/V2/WIN_20220408_14_03_30_Pro.jpg#2,SolDef_AI/Dataset/CS6/R0805/V2/WIN_20220408_14_03_30_Pro.jpg,2,right,CS6,R0805,CS6/R0805,V2,excess,manual_095,train,7925ce616931ad52c69a46e94b69e113fc9713d4bb15c5f9163ba0354e4c8b0c
SolDef_AI/Dataset/CS6/R0805/V2/WIN_20220408_14_03_41_Pro.jpg#1,SolDef_AI/Dataset/CS6/R0805/V2/WIN_20220408_14_03_41_Pro.jpg,1,left,CS6,R0805,CS6/R0805,V2,excess,manual_096,test,7925ce616931ad52c69a46e94b69e113fc9713d4bb15c5f9163ba0354e4c8b0c
SolDef_AI/Dataset/CS6/R0805/V2/WIN_20220408_14_03_41_Pro.jpg#2,SolDef_AI/Dataset/CS6/R0805/V2/WIN_20220408_14_03_41_Pro.jpg,2,right,CS6,R0805,CS6/R0805,V2,spike,manual_096,test,7925ce616931ad52c69a46e94b69e113fc9713d4bb15c5f9163ba0354e4c8b0c
SolDef_AI/Dataset/CS6/R0805/V2/WIN_20220408_14_03_53_Pro.jpg#1,SolDef_AI/Dataset/CS6/R0805/V2/WIN_20220408_14_03_53_Pro.jpg,1,left,CS6,R0805,CS6/R0805,V2,excess,manual_118,train,7925ce616931ad52c69a46e94b69e113fc9713d4bb15c5f9163ba0354e4c8b0c
SolDef_AI/Dataset/CS6/R0805/V2/WIN_20220408_14_03_53_Pro.jpg#2,SolDef_AI/Dataset/CS6/R0805/V2/WIN_20220408_14_03_53_Pro.jpg,2,right,CS6,R0805,CS6/R0805,V2,spike,manual_118,train,7925ce616931ad52c69a46e94b69e113fc9713d4bb15c5f9163ba0354e4c8b0c
SolDef_AI/Dataset/CS6/R0805/V2/WIN_20220408_14_04_10_Pro.jpg#1,SolDef_AI/Dataset/CS6/R0805/V2/WIN_20220408_14_04_10_Pro.jpg,1,left,CS6,R0805,CS6/R0805,V2,excess,manual_098,train,7925ce616931ad52c69a46e94b69e113fc9713d4bb15c5f9163ba0354e4c8b0c
SolDef_AI/Dataset/CS6/R0805/V2/WIN_20220408_14_04_10_Pro.jpg#2,SolDef_AI/Dataset/CS6/R0805/V2/WIN_20220408_14_04_10_Pro.jpg,2,right,CS6,R0805,CS6/R0805,V2,excess,manual_098,train,7925ce616931ad52c69a46e94b69e113fc9713d4bb15c5f9163ba0354e4c8b0c
SolDef_AI/Dataset/CS6/R0805/V2/WIN_20220408_14_04_22_Pro.jpg#1,SolDef_AI/Dataset/CS6/R0805/V2/WIN_20220408_14_04_22_Pro.jpg,1,left,CS6,R0805,CS6/R0805,V2,excess,manual_099,train,7925ce616931ad52c69a46e94b69e113fc9713d4bb15c5f9163ba0354e4c8b0c
SolDef_AI/Dataset/CS6/R0805/V2/WIN_20220408_14_04_22_Pro.jpg#2,SolDef_AI/Dataset/CS6/R0805/V2/WIN_20220408_14_04_22_Pro.jpg,2,right,CS6,R0805,CS6/R0805,V2,insufficient,manual_099,train,7925ce616931ad52c69a46e94b69e113fc9713d4bb15c5f9163ba0354e4c8b0c
SolDef_AI/Dataset/CS6/R0805/V2/WIN_20220408_14_04_34_Pro.jpg#1,SolDef_AI/Dataset/CS6/R0805/V2/WIN_20220408_14_04_34_Pro.jpg,1,left,CS6,R0805,CS6/R0805,V2,excess,manual_119,train,7925ce616931ad52c69a46e94b69e113fc9713d4bb15c5f9163ba0354e4c8b0c
SolDef_AI/Dataset/CS6/R0805/V2/WIN_20220408_14_04_34_Pro.jpg#2,SolDef_AI/Dataset/CS6/R0805/V2/WIN_20220408_14_04_34_Pro.jpg,2,right,CS6,R0805,CS6/R0805,V2,spike,manual_119,train,7925ce616931ad52c69a46e94b69e113fc9713d4bb15c5f9163ba0354e4c8b0c
SolDef_AI/Dataset/CS6/R0805/V2/WIN_20220408_14_04_45_Pro.jpg#1,SolDef_AI/Dataset/CS6/R0805/V2/WIN_20220408_14_04_45_Pro.jpg,1,left,CS6,R0805,CS6/R0805,V2,excess,manual_120,train,7925ce616931ad52c69a46e94b69e113fc9713d4bb15c5f9163ba0354e4c8b0c
SolDef_AI/Dataset/CS6/R0805/V2/WIN_20220408_14_04_45_Pro.jpg#2,SolDef_AI/Dataset/CS6/R0805/V2/WIN_20220408_14_04_45_Pro.jpg,2,right,CS6,R0805,CS6/R0805,V2,insufficient,manual_120,train,7925ce616931ad52c69a46e94b69e113fc9713d4bb15c5f9163ba0354e4c8b0c
SolDef_AI/Dataset/CS6/R0805/V2/WIN_20220408_14_04_59_Pro.jpg#1,SolDef_AI/Dataset/CS6/R0805/V2/WIN_20220408_14_04_59_Pro.jpg,1,left,CS6,R0805,CS6/R0805,V2,excess,manual_115,val,7925ce616931ad52c69a46e94b69e113fc9713d4bb15c5f9163ba0354e4c8b0c
SolDef_AI/Dataset/CS6/R0805/V2/WIN_20220408_14_04_59_Pro.jpg#2,SolDef_AI/Dataset/CS6/R0805/V2/WIN_20220408_14_04_59_Pro.jpg,2,right,CS6,R0805,CS6/R0805,V2,normal,manual_115,val,7925ce616931ad52c69a46e94b69e113fc9713d4bb15c5f9163ba0354e4c8b0c
SolDef_AI/Dataset/CS6/R0805/V2/WIN_20220408_14_05_25_Pro.jpg#1,SolDef_AI/Dataset/CS6/R0805/V2/WIN_20220408_14_05_25_Pro.jpg,1,left,CS6,R0805,CS6/R0805,V2,excess,manual_121,train,7925ce616931ad52c69a46e94b69e113fc9713d4bb15c5f9163ba0354e4c8b0c
SolDef_AI/Dataset/CS6/R0805/V2/WIN_20220408_14_05_25_Pro.jpg#2,SolDef_AI/Dataset/CS6/R0805/V2/WIN_20220408_14_05_25_Pro.jpg,2,right,CS6,R0805,CS6/R0805,V2,excess,manual_121,train,7925ce616931ad52c69a46e94b69e113fc9713d4bb15c5f9163ba0354e4c8b0c
SolDef_AI/Dataset/CS6/R0805/V2/WIN_20220408_14_05_45_Pro.jpg#1,SolDef_AI/Dataset/CS6/R0805/V2/WIN_20220408_14_05_45_Pro.jpg,1,left,CS6,R0805,CS6/R0805,V2,excess,manual_122,train,7925ce616931ad52c69a46e94b69e113fc9713d4bb15c5f9163ba0354e4c8b0c
SolDef_AI/Dataset/CS6/R0805/V2/WIN_20220408_14_05_45_Pro.jpg#2,SolDef_AI/Dataset/CS6/R0805/V2/WIN_20220408_14_05_45_Pro.jpg,2,right,CS6,R0805,CS6/R0805,V2,normal,manual_122,train,7925ce616931ad52c69a46e94b69e113fc9713d4bb15c5f9163ba0354e4c8b0c
SolDef_AI/Dataset/CS6/R0805/V2/WIN_20220408_14_09_46_Pro_C35.jpg#1,SolDef_AI/Dataset/CS6/R0805/V2/WIN_20220408_14_09_46_Pro_C35.jpg,1,left,CS6,R0805,CS6/R0805,V2,excess,manual_116,val,7925ce616931ad52c69a46e94b69e113fc9713d4bb15c5f9163ba0354e4c8b0c
SolDef_AI/Dataset/CS6/R0805/V2/WIN_20220408_14_09_46_Pro_C35.jpg#2,SolDef_AI/Dataset/CS6/R0805/V2/WIN_20220408_14_09_46_Pro_C35.jpg,2,right,CS6,R0805,CS6/R0805,V2,insufficient,manual_116,val,7925ce616931ad52c69a46e94b69e113fc9713d4bb15c5f9163ba0354e4c8b0c
SolDef_AI/Dataset/CS6/R0805/V2/WIN_20220408_14_10_29_Pro.jpg#1,SolDef_AI/Dataset/CS6/R0805/V2/WIN_20220408_14_10_29_Pro.jpg,1,left,CS6,R0805,CS6/R0805,V2,excess,manual_123,test,7925ce616931ad52c69a46e94b69e113fc9713d4bb15c5f9163ba0354e4c8b0c
SolDef_AI/Dataset/CS6/R0805/V2/WIN_20220408_14_10_29_Pro.jpg#2,SolDef_AI/Dataset/CS6/R0805/V2/WIN_20220408_14_10_29_Pro.jpg,2,right,CS6,R0805,CS6/R0805,V2,normal,manual_123,test,7925ce616931ad52c69a46e94b69e113fc9713d4bb15c5f9163ba0354e4c8b0c
SolDef_AI/Dataset/CS6/R0805/V2/WIN_20220408_14_10_41_Pro.jpg#1,SolDef_AI/Dataset/CS6/R0805/V2/WIN_20220408_14_10_41_Pro.jpg,1,left,CS6,R0805,CS6/R0805,V2,excess,manual_124,val,7925ce616931ad52c69a46e94b69e113fc9713d4bb15c5f9163ba0354e4c8b0c
SolDef_AI/Dataset/CS6/R0805/V2/WIN_20220408_14_10_41_Pro.jpg#2,SolDef_AI/Dataset/CS6/R0805/V2/WIN_20220408_14_10_41_Pro.jpg,2,right,CS6,R0805,CS6/R0805,V2,normal,manual_124,val,7925ce616931ad52c69a46e94b69e113fc9713d4bb15c5f9163ba0354e4c8b0c
SolDef_AI/Dataset/CS6/R0805/V2/WIN_20220408_14_10_55_Pro.jpg#1,SolDef_AI/Dataset/CS6/R0805/V2/WIN_20220408_14_10_55_Pro.jpg,1,left,CS6,R0805,CS6/R0805,V2,excess,manual_113,train,7925ce616931ad52c69a46e94b69e113fc9713d4bb15c5f9163ba0354e4c8b0c
SolDef_AI/Dataset/CS6/R0805/V2/WIN_20220408_14_10_55_Pro.jpg#2,SolDef_AI/Dataset/CS6/R0805/V2/WIN_20220408_14_10_55_Pro.jpg,2,right,CS6,R0805,CS6/R0805,V2,insufficient,manual_113,train,7925ce616931ad52c69a46e94b69e113fc9713d4bb15c5f9163ba0354e4c8b0c
SolDef_AI/Dataset/CS6/R0805/V2/WIN_20220408_14_11_07_Pro.jpg#1,SolDef_AI/Dataset/CS6/R0805/V2/WIN_20220408_14_11_07_Pro.jpg,1,left,CS6,R0805,CS6/R0805,V2,excess,manual_125,val,7925ce616931ad52c69a46e94b69e113fc9713d4bb15c5f9163ba0354e4c8b0c
SolDef_AI/Dataset/CS6/R0805/V2/WIN_20220408_14_11_07_Pro.jpg#2,SolDef_AI/Dataset/CS6/R0805/V2/WIN_20220408_14_11_07_Pro.jpg,2,right,CS6,R0805,CS6/R0805,V2,spike,manual_125,val,7925ce616931ad52c69a46e94b69e113fc9713d4bb15c5f9163ba0354e4c8b0c
SolDef_AI/Dataset/CS6/R0805/V2/WIN_20220408_14_11_18_Pro.jpg#1,SolDef_AI/Dataset/CS6/R0805/V2/WIN_20220408_14_11_18_Pro.jpg,1,left,CS6,R0805,CS6/R0805,V2,excess,manual_126,train,7925ce616931ad52c69a46e94b69e113fc9713d4bb15c5f9163ba0354e4c8b0c
SolDef_AI/Dataset/CS6/R0805/V2/WIN_20220408_14_11_18_Pro.jpg#2,SolDef_AI/Dataset/CS6/R0805/V2/WIN_20220408_14_11_18_Pro.jpg,2,right,CS6,R0805,CS6/R0805,V2,excess,manual_126,train,7925ce616931ad52c69a46e94b69e113fc9713d4bb15c5f9163ba0354e4c8b0c
SolDef_AI/Dataset/CS6/R0805/V2/WIN_20220408_14_11_34_Pro.jpg#1,SolDef_AI/Dataset/CS6/R0805/V2/WIN_20220408_14_11_34_Pro.jpg,1,left,CS6,R0805,CS6/R0805,V2,excess,manual_127,train,7925ce616931ad52c69a46e94b69e113fc9713d4bb15c5f9163ba0354e4c8b0c
SolDef_AI/Dataset/CS6/R0805/V2/WIN_20220408_14_11_34_Pro.jpg#2,SolDef_AI/Dataset/CS6/R0805/V2/WIN_20220408_14_11_34_Pro.jpg,2,right,CS6,R0805,CS6/R0805,V2,excess,manual_127,train,7925ce616931ad52c69a46e94b69e113fc9713d4bb15c5f9163ba0354e4c8b0c
SolDef_AI/Dataset/CS6/R0805/V2/WIN_20220408_14_11_46_Pro.jpg#1,SolDef_AI/Dataset/CS6/R0805/V2/WIN_20220408_14_11_46_Pro.jpg,1,left,CS6,R0805,CS6/R0805,V2,spike,manual_128,train,7925ce616931ad52c69a46e94b69e113fc9713d4bb15c5f9163ba0354e4c8b0c
SolDef_AI/Dataset/CS6/R0805/V2/WIN_20220408_14_11_46_Pro.jpg#2,SolDef_AI/Dataset/CS6/R0805/V2/WIN_20220408_14_11_46_Pro.jpg,2,right,CS6,R0805,CS6/R0805,V2,spike,manual_128,train,7925ce616931ad52c69a46e94b69e113fc9713d4bb15c5f9163ba0354e4c8b0c
SolDef_AI/Dataset/CS6/R0805/V2/WIN_20220408_14_12_00_Pro.jpg#1,SolDef_AI/Dataset/CS6/R0805/V2/WIN_20220408_14_12_00_Pro.jpg,1,left,CS6,R0805,CS6/R0805,V2,excess,manual_129,train,7925ce616931ad52c69a46e94b69e113fc9713d4bb15c5f9163ba0354e4c8b0c
SolDef_AI/Dataset/CS6/R0805/V2/WIN_20220408_14_12_00_Pro.jpg#2,SolDef_AI/Dataset/CS6/R0805/V2/WIN_20220408_14_12_00_Pro.jpg,2,right,CS6,R0805,CS6/R0805,V2,excess,manual_129,train,7925ce616931ad52c69a46e94b69e113fc9713d4bb15c5f9163ba0354e4c8b0c
SolDef_AI/Dataset/CS6/R0805/V2/WIN_20220408_14_12_16_Pro.jpg#1,SolDef_AI/Dataset/CS6/R0805/V2/WIN_20220408_14_12_16_Pro.jpg,1,left,CS6,R0805,CS6/R0805,V2,excess,manual_130,test,7925ce616931ad52c69a46e94b69e113fc9713d4bb15c5f9163ba0354e4c8b0c
SolDef_AI/Dataset/CS6/R0805/V2/WIN_20220408_14_12_16_Pro.jpg#2,SolDef_AI/Dataset/CS6/R0805/V2/WIN_20220408_14_12_16_Pro.jpg,2,right,CS6,R0805,CS6/R0805,V2,excess,manual_130,test,7925ce616931ad52c69a46e94b69e113fc9713d4bb15c5f9163ba0354e4c8b0c
SolDef_AI/Dataset/CS6/R0805/V2/WIN_20220408_14_16_20_Pro.jpg#1,SolDef_AI/Dataset/CS6/R0805/V2/WIN_20220408_14_16_20_Pro.jpg,1,left,CS6,R0805,CS6/R0805,V2,insufficient,manual_085,test,7925ce616931ad52c69a46e94b69e113fc9713d4bb15c5f9163ba0354e4c8b0c
SolDef_AI/Dataset/CS6/R0805/V2/WIN_20220408_14_16_20_Pro.jpg#2,SolDef_AI/Dataset/CS6/R0805/V2/WIN_20220408_14_16_20_Pro.jpg,2,right,CS6,R0805,CS6/R0805,V2,spike,manual_085,test,7925ce616931ad52c69a46e94b69e113fc9713d4bb15c5f9163ba0354e4c8b0c
SolDef_AI/Dataset/CS6/R0805/V2/WIN_20220408_14_16_40_Pro.jpg#1,SolDef_AI/Dataset/CS6/R0805/V2/WIN_20220408_14_16_40_Pro.jpg,1,left,CS6,R0805,CS6/R0805,V2,spike,manual_086,train,7925ce616931ad52c69a46e94b69e113fc9713d4bb15c5f9163ba0354e4c8b0c
SolDef_AI/Dataset/CS6/R0805/V2/WIN_20220408_14_16_40_Pro.jpg#2,SolDef_AI/Dataset/CS6/R0805/V2/WIN_20220408_14_16_40_Pro.jpg,2,right,CS6,R0805,CS6/R0805,V2,excess,manual_086,train,7925ce616931ad52c69a46e94b69e113fc9713d4bb15c5f9163ba0354e4c8b0c
SolDef_AI/Dataset/CS6/R0805/V2/WIN_20220408_14_16_59_Pro.jpg#1,SolDef_AI/Dataset/CS6/R0805/V2/WIN_20220408_14_16_59_Pro.jpg,1,left,CS6,R0805,CS6/R0805,V2,spike,manual_087,train,7925ce616931ad52c69a46e94b69e113fc9713d4bb15c5f9163ba0354e4c8b0c
SolDef_AI/Dataset/CS6/R0805/V2/WIN_20220408_14_16_59_Pro.jpg#2,SolDef_AI/Dataset/CS6/R0805/V2/WIN_20220408_14_16_59_Pro.jpg,2,right,CS6,R0805,CS6/R0805,V2,excess,manual_087,train,7925ce616931ad52c69a46e94b69e113fc9713d4bb15c5f9163ba0354e4c8b0c
SolDef_AI/Dataset/CS6/R0805/V2/WIN_20220408_14_17_12_Pro.jpg#1,SolDef_AI/Dataset/CS6/R0805/V2/WIN_20220408_14_17_12_Pro.jpg,1,left,CS6,R0805,CS6/R0805,V2,spike,manual_088,test,7925ce616931ad52c69a46e94b69e113fc9713d4bb15c5f9163ba0354e4c8b0c
SolDef_AI/Dataset/CS6/R0805/V2/WIN_20220408_14_17_12_Pro.jpg#2,SolDef_AI/Dataset/CS6/R0805/V2/WIN_20220408_14_17_12_Pro.jpg,2,right,CS6,R0805,CS6/R0805,V2,excess,manual_088,test,7925ce616931ad52c69a46e94b69e113fc9713d4bb15c5f9163ba0354e4c8b0c
SolDef_AI/Dataset/CS6/R0805/V2/WIN_20220408_14_17_26_Pro.jpg#1,SolDef_AI/Dataset/CS6/R0805/V2/WIN_20220408_14_17_26_Pro.jpg,1,left,CS6,R0805,CS6/R0805,V2,spike,manual_089,val,7925ce616931ad52c69a46e94b69e113fc9713d4bb15c5f9163ba0354e4c8b0c
SolDef_AI/Dataset/CS6/R0805/V2/WIN_20220408_14_17_26_Pro.jpg#2,SolDef_AI/Dataset/CS6/R0805/V2/WIN_20220408_14_17_26_Pro.jpg,2,right,CS6,R0805,CS6/R0805,V2,excess,manual_089,val,7925ce616931ad52c69a46e94b69e113fc9713d4bb15c5f9163ba0354e4c8b0c
SolDef_AI/Dataset/CS6/R0805/V2/WIN_20220408_14_17_48_Pro.jpg#1,SolDef_AI/Dataset/CS6/R0805/V2/WIN_20220408_14_17_48_Pro.jpg,1,left,CS6,R0805,CS6/R0805,V2,normal,manual_093,test,7925ce616931ad52c69a46e94b69e113fc9713d4bb15c5f9163ba0354e4c8b0c
SolDef_AI/Dataset/CS6/R0805/V2/WIN_20220408_14_17_48_Pro.jpg#2,SolDef_AI/Dataset/CS6/R0805/V2/WIN_20220408_14_17_48_Pro.jpg,2,right,CS6,R0805,CS6/R0805,V2,normal,manual_093,test,7925ce616931ad52c69a46e94b69e113fc9713d4bb15c5f9163ba0354e4c8b0c
SolDef_AI/Dataset/CS6/R0805/V2/WIN_20220408_14_18_00_Pro.jpg#1,SolDef_AI/Dataset/CS6/R0805/V2/WIN_20220408_14_18_00_Pro.jpg,1,left,CS6,R0805,CS6/R0805,V2,normal,manual_091,train,7925ce616931ad52c69a46e94b69e113fc9713d4bb15c5f9163ba0354e4c8b0c
SolDef_AI/Dataset/CS6/R0805/V2/WIN_20220408_14_18_00_Pro.jpg#2,SolDef_AI/Dataset/CS6/R0805/V2/WIN_20220408_14_18_00_Pro.jpg,2,right,CS6,R0805,CS6/R0805,V2,spike,manual_091,train,7925ce616931ad52c69a46e94b69e113fc9713d4bb15c5f9163ba0354e4c8b0c
SolDef_AI/Dataset/CS6/R0805/V2/WIN_20220408_14_18_18_Pro.jpg#1,SolDef_AI/Dataset/CS6/R0805/V2/WIN_20220408_14_18_18_Pro.jpg,1,left,CS6,R0805,CS6/R0805,V2,excess,manual_092,val,7925ce616931ad52c69a46e94b69e113fc9713d4bb15c5f9163ba0354e4c8b0c
SolDef_AI/Dataset/CS6/R0805/V2/WIN_20220408_14_18_18_Pro.jpg#2,SolDef_AI/Dataset/CS6/R0805/V2/WIN_20220408_14_18_18_Pro.jpg,2,right,CS6,R0805,CS6/R0805,V2,excess,manual_092,val,7925ce616931ad52c69a46e94b69e113fc9713d4bb15c5f9163ba0354e4c8b0c
SolDef_AI/Dataset/CS6/R0805/V2/WIN_20220408_14_18_26_Pro.jpg#1,SolDef_AI/Dataset/CS6/R0805/V2/WIN_20220408_14_18_26_Pro.jpg,1,left,CS6,R0805,CS6/R0805,V2,spike,manual_090,train,7925ce616931ad52c69a46e94b69e113fc9713d4bb15c5f9163ba0354e4c8b0c
SolDef_AI/Dataset/CS6/R0805/V2/WIN_20220408_14_18_26_Pro.jpg#2,SolDef_AI/Dataset/CS6/R0805/V2/WIN_20220408_14_18_26_Pro.jpg,2,right,CS6,R0805,CS6/R0805,V2,excess,manual_090,train,7925ce616931ad52c69a46e94b69e113fc9713d4bb15c5f9163ba0354e4c8b0c
